Title,Year,Opening_Month,Opening_Date,Director,Cast,Genre,Studio,Budget,India Gross,Worldwide Gross_scraped,Trailer_comment_positive,Trailer_comment_negative,Review_positive,Review_negative,budget_num,india_gross_num,Verdict
International Hero,2015,J A N,2,Sanjay Niranjan,"Nakul Vaid, Jatin Grewal, Gurleen Choter",Drama,,--,"6,75,000","6,75,000",0.0,1.0,,,0.0,675000.0,
Mumbai Can Dance Saala,2015,J A N,2,Sachindra Sharma,"Ashima Sharma, Prashant Narayanan, Aditya Pancholi, Mukesh Tiwari",Thriller,,"3,50,00,000","31,00,000","31,00,000",0.6154,0.385,,,35000000.0,3100000.0,Disaster
Take It Easy,2015,J A N,2,Sunil Prem Vyas,"Vikram Gokhale, Dipannita Sharma, Raj Zutshi, Anang Desai, Joy Sengupta, Sulabha Arya, Vijay Kashyap",Drama,,"2,25,00,000","51,00,000","51,00,000",0.0,1.0,,,22500000.0,5100000.0,Disaster
Tevar,2015,J A N,9,Amit Sharma,"Arjun Kapoor, Sonakshi Sinha, Raj Babbar, Manoj Bajpai","Action, Romance","Eros International, MAD Entertainment, Naresh Agarwal Films, Sanjay Kapoor Entertainment","54,00,00,000","46,95,00,000","56,51,25,000",0.46,0.54,0.53,0.47,540000000.0,469500000.0,Flop
Alone,2015,J A N,16,Bhushan Patel,"Bipasha Basu, Karan Singh Grover",Horror,Panorama Studios,"19,00,00,000","25,07,00,000","25,84,50,000",0.51,0.49,0.48,0.52,190000000.0,250700000.0,Average
Crazy Cukkad Family,2015,J A N,16,Ritesh Menon,"Swanand Kirkire, Shilpa Shukla, Ninad Kamat, Kushal Punjabi, Kiran Karmarkar, Yusuf Hussain",Comedy,,"5,00,00,000","44,00,000","44,00,000",0.8,0.2,0.0,1.0,50000000.0,4400000.0,Disaster
Sharafat Gayi Tel Lene,2015,J A N,16,Gurmmeet Singh,"Zayed Khan, Tina Desai, Rannvijay Singh, Talia Benson, Anupam Kher","Comedy, Thriller",,"7,00,00,000","57,00,000","57,00,000",0.4286,0.571,0.27,0.73,70000000.0,5700000.0,Disaster
Baby,2015,J A N,23,Neeraj Pandey,"Akshay Kumar, Taapsee Pannu, Rana Daggubati, Anupam Kher, Kay Kay Menon, Danny Denzongpa",Thriller,"T-Series Films, Friday Filmworks, Cape of Good Films, Crouching Tiger Motion Pictures","75,00,00,000","1,09,53,00,000","1,24,84,40,000",0.44,0.56,0.67,0.33,750000000.0,1095300000.0,Hit
Dolly Ki Doli,2015,J A N,23,Abhishek Dogra,"Sonam Kapoor, Pulkit Samrat, Rajkummar Rao, Varun Sharma","Romantic, Comedy",,"21,00,00,000","14,82,00,000","18,83,37,500",0.62,0.38,0.52,0.48,210000000.0,148200000.0,Flop
Chal Guru Ho Ja Shuru,2015,J A N,30,Manoj Sharma,"Hemant Pandey, Chandrachur Singh, Sanjay Mishra, Manoj Pahwa",Comedy,,--,"8,25,000","8,25,000",0.0,1.0,1.0,0.0,0.0,825000.0,
Hawaizaada,2015,J A N,30,Vibhu Puri,"Ayushmann Khurrana, Pallavi Sharda",Drama,"Reliance Entertainment, Trilogic Media, Film Farmers","34,00,00,000","4,66,00,000","5,59,00,000",0.61,0.39,0.54,0.46,340000000.0,46600000.0,Flop
Khamoshiyan,2015,J A N,30,Karan Dara,"Gurmeet Choudhary, Ali Fazal, Sapna Pabbi",Horror,"Fox Star Studios, Vishesh Films","12,00,00,000","12,86,00,000","13,41,80,000",0.0,1.0,0.43,0.57,120000000.0,128600000.0,Flop
Rahasya,2015,J A N,30,Manish Gupta,"Tisca Chopra, Ashish Vidyarthi, Kay Kay Menon",Mystery,"Viacom18 Motion Pictures, UVI Film Productions","25,00,000","17,00,000","17,00,000",0.0,1.0,0.72,0.28,2500000.0,1700000.0,Disaster
Jai Jawaan Jai Kisaan,2015,F E B,6,Milan Ajmera,"Jatin Khurana, Om Puri, Prem Chopra, Rati Agnihotri, Rishi Bhutani, Sanjay Chakraborty, Akhilesh Jain",Drama,,--,"2,75,000","2,75,000",0.0,1.0,0.0,1.0,0.0,275000.0,
Shamitabh,2015,F E B,6,R. Balki,"Amitabh Bachchan, Dhanush, Akshara Haasan",Drama,"Eros International, Hope Productions","49,00,00,000","29,10,00,000","37,12,75,000",0.3,0.7,0.62,0.38,490000000.0,291000000.0,Flop
MSG: The Messenger,2015,F E B,13,"Gurmeet Ram Rahim Singh, Jeetu Arora","Gurmeet Ram Rahim Singh, Daniel Kaleb, Flora Saini, Jayshree Soni, Olexandra Semen, Gaurav Gera, Jay Singh Rajpoot, Himanshu Tiwari","Action, Drama",,"30,00,00,000","16,65,00,000","16,89,90,000",0.2,0.8,0.05,0.95,300000000.0,166500000.0,Flop
Roy,2015,F E B,13,Vikramjit Singh,"Ranbir Kapoor, Jacqueline Fernandez, Arjun Rampal","Romance, Thriller",T-Series Films,"50,00,00,000","52,02,00,000","56,02,00,000",0.64,0.36,0.5,0.5,500000000.0,520200000.0,Flop
Badlapur,2015,F E B,20,Sriram Raghavan,"Varun Dhawan, Nawazuddin Siddiqui, Huma Qureshi, Yami Gautam, Vinay Pathak, Divya Dutta","Action, Thriller","Eros International, Maddock Films","7,00,00,000","1,09,00,000","1,09,00,000",0.65,0.35,0.7,0.3,70000000.0,10900000.0,Disaster
Ab Tak Chhappan 2,2015,F E B,27,Aejaz Gulab,"Nana Patekar, Ashutosh Rana, Vikram Gokhale, Gul Panag","Crime, Drama",,"18,00,00,000","9,36,00,000","9,36,00,000",0.77,0.23,0.54,0.46,180000000.0,93600000.0,Flop
Dum Laga Ke Haisha,2015,F E B,27,Sharat Katariya,"Ayushmann Khurrana, Bhumi Pednekar",Comedy,Yash Raj Films,"14,00,00,000","39,91,00,000","41,45,37,500",0.7,0.3,0.72,0.28,140000000.0,399100000.0,Superhit / Blockbuster
Badmashiyaan,2015,M A R,6,Amit Khanna,"Suzzanna Mukherjee, Sidhant Gupta, Gunjan Malhotra, Sharib Hashmi, Karan Mehra",Romantic comedy,,"75,00,000","1,03,00,000","1,03,00,000",0.0,1.0,0.5,0.5,7500000.0,10300000.0,Disaster
Dirty Politics,2015,M A R,6,K. C. Bokadia,"Mallika Sherawat, Naseeruddin Shah, Jackie Shroff, Atul Kulkarni, Anupam Kher, Ashutosh Rana",Political Drama,,"11,00,00,000","8,48,00,000","8,48,00,000",0.0,1.0,0.3,0.7,110000000.0,84800000.0,Flop
NH10,2015,M A R,13,Navdeep Singh,"Anushka Sharma, Neil Bhoopalam, Darshan Kumar",Thriller,"Eros International, Clean Slate Filmz, Phantom Films","16,00,00,000","42,17,00,000","49,10,00,000",0.57,0.43,0.6799999999999999,0.32,160000000.0,421700000.0,Superhit / Blockbuster
Dilliwali Zaalim Girlfriend,2015,M A R,20,Japinder Kaur,"Divyendu Sharma, Jackie Shroff, Prachi Mishra, Ira Dubey",Comedy,,"7,50,00,000","3,09,00,000","3,09,00,000",0.79,0.21,0.6,0.4,75000000.0,30900000.0,Flop
Hunterrr,2015,M A R,20,Harshavardhan Kulkarni,"Gulshan Devaiah, Radhika Apte, Sai Tamhankar",Comedy,"Shemaroo Entertainment, Falco, Bala Industries & Entertainment, Tailormade Films, Phantom Films","9,00,00,000","17,46,00,000","17,46,00,000",0.53,0.47,0.63,0.37,90000000.0,174600000.0,Hit
Barkhaa,2015,M A R,27,Shadaab Mirza,"Sara Loren, Taaha Shah, Shweta Pandit, Priyanshu Chatterjee",Romance,,"5,60,00,000","1,33,00,000","1,33,00,000",0.0,1.0,0.45,0.55,56000000.0,13300000.0,Disaster
Detective Byomkesh Bakshy!,2015,A P R,3,Dibakar Banerjee,"Sushant Singh Rajput, Anand Tiwari, Swastika Mukherjee, Divya Menon, Neeraj Kabi, Meiyang Chang",Thriller,"Yash Raj Films, DBP","35,00,00,000","34,59,00,000","43,95,00,000",0.7,0.3,0.6799999999999999,0.32,350000000.0,345900000.0,Flop
Dharam Sankat Mein,2015,A P R,10,Fuwad Khan,"Naseeruddin Shah, Paresh Rawal, Annu Kapoor, Murali Sharma",Drama,"Viacom18 Motion Pictures, Trigno Media","14,00,00,000","11,98,00,000","12,09,16,000",0.0,1.0,0.65,0.35,140000000.0,119800000.0,Flop
Ek Paheli Leela,2015,A P R,10,Bobby Khan,"Sunny Leone, Jay Bhanushali, Mohit Ahlawat, Rajneesh Duggal, Rahul Dev, Jas Arora",Musical,"T-Series Films, Paper Doll Entertainment","23,00,00,000","25,19,00,000","25,56,20,000",0.38,0.62,0.45,0.55,230000000.0,251900000.0,Flop
Margarita with a Straw,2015,A P R,17,Shonali Bose,"Kalki Koechlin, Revathi, Hussain Dalal",Drama,"Viacom18 Motion Pictures, Ishan Talkies","6,50,00,000","7,43,00,000","7,43,00,000",0.0,1.0,0.6900000000000001,0.31,65000000.0,74300000.0,Flop
Mr. X,2015,A P R,17,Vikram Bhatt,"Emraan Hashmi, Amyra Dastur",Sci fi/thriller,"Fox Star Studios, Vishesh Films","37,00,00,000","25,69,00,000","29,73,62,500",0.64,0.36,0.52,0.48,370000000.0,256900000.0,Flop
NH-8 Road to Nidhivan,2015,A P R,17,Munindra Gupta,"Auroshikha Dey, Ravneet Kaur, Satyakam Anand, Arjun Fauzdar, Swaroopa Ghosh",Horror,,"16,00,000","9,50,000","9,50,000",0.0,1.0,0.65,0.35,1600000.0,950000.0,Disaster
Ishq Ke Parindey,2015,A P R,24,Shakir Khan,"Rishi Verma, Priyanka Mehta, Manjul Aazad, Yasir Iftikhar Khan",Romance,,"3,25,00,000","42,00,000","42,00,000",0.0,1.0,0.0,1.0,32500000.0,4200000.0,Disaster
Kaagaz Ke Fools,2015,A P R,24,Anil Kumar Chaudhary,"Vinay Pathak, Mugdha Godse, Raima Sen, Saurabh Shukla, Rajendra Sethi, Amit Behl",Comedy,,"4,00,00,000","48,00,000","48,00,000",0.0,1.0,0.3,0.7,40000000.0,4800000.0,Disaster
Gabbar Is Back,2015,M A Y,1,Krish,"Akshay Kumar, Shruti Haasan, Suman",Crime/action,"Viacom18 Motion Pictures, Bhansali Productions","79,00,00,000","1,17,27,00,000","1,35,81,20,000",0.6087,0.391,0.7,0.3,790000000.0,1172700000.0,Hit
Sabki Bajegi Band,2015,M A Y,1,Anirudh Chawla,"Sumeet Vyas, Swara Bhaskar, Alekh Sangal, Shaurya Chauhan, Amol Parashar",Thriller/drama,"Percept Pictures, Yen Movies",--,"31,25,000","31,25,000",0.0,1.0,,,0.0,3125000.0,
Kuch Kuch Locha Hai,2015,M A Y,8,Devang Dholakia,"Ram Kapoor, Sunny Leone, Evelyn Sharma, Navdeep Chabbra",Comedy,,"15,00,00,000","3,51,00,000","3,51,00,000",0.0,1.0,0.5,0.5,150000000.0,35100000.0,Flop
Piku,2015,M A Y,8,Shoojit Sircar,"Amitabh Bachchan, Deepika Padukone, Irrfan Khan, Moushumi Chatterjee, Jisshu Sengupta",Comedy/drama,"MSM Motion Pictures, Saraswati Entertainment, Rising Sun Films","42,00,00,000","1,05,31,00,000","1,41,26,50,000",0.75,0.25,0.7,0.3,420000000.0,1053100000.0,Superhit / Blockbuster
Bombay Velvet,2015,M A Y,15,Anurag Kashyap,"Ranbir Kapoor, Anushka Sharma, Karan Johar, Kay Kay Menon",Crime/drama,"Fox Star Studios, Phantom Films","1,18,00,00,000","30,36,00,000","43,13,65,000",0.4,0.6,0.5599999999999999,0.44,1180000000.0,303600000.0,Flop
Main Hoon Part-Time Killer,2015,M A Y,22,Faisal Saif,"Adithya Menon, Kavita Radheshyam","Spoof, comedy, thriller",,"80,00,000","7,25,000","7,25,000",0.0,1.0,,,8000000.0,725000.0,Disaster
Tanu Weds Manu: Returns,2015,M A Y,22,Anand L. Rai,"R. Madhavan, Kangana Ranaut",Romance/comedy,"Eros International, Colour Yellow Productions","39,00,00,000","1,97,86,00,000","2,43,64,00,000",0.63,0.37,0.6799999999999999,0.32,390000000.0,1978600000.0,Superhit / Blockbuster
Waiting,2015,M A Y,27,Anu Menon,"Naseeruddin Shah, Kalki Koechlin, Arjun Mathur, Rajat Kapoor, Suhasini Maniratnam",Drama,"Drishyam Films, Ishka Films","6,50,00,000","3,70,00,000","3,70,00,000",0.75,0.25,0.71,0.29,65000000.0,37000000.0,Flop
Ishqedarriyaan,2015,M A Y,29,V. K. Prakash,"Mahaakshay Chakraborty, Evelyn Sharma, Kavin Dave, Mohit Dutta",Drama,,"10,00,00,000","34,00,000","34,00,000",0.0,1.0,0.5,0.5,100000000.0,3400000.0,Disaster
P Se PM Tak,2015,M A Y,29,Kundan Shah,"Meenakshi Dixit, Rocky Verma, Bharat Jadhav, Yashpal Sharma",Comedy,,"1,00,00,000","6,75,000","6,75,000",0.0,1.0,,,10000000.0,675000.0,Disaster
Welcome 2 Karachi,2015,M A Y,29,Ashish R Mohan,"Arshad Warsi, Jackky Bhagnani, Lauren Gottlieb, Ayub Khoso, Adnan Shah, Imran Hasnee",Comedy,Pooja Entertainment,"29,00,00,000","12,07,00,000","13,53,62,500",0.4,0.6,0.3399999999999999,0.66,290000000.0,120700000.0,Flop
Dil Dhadakne Do,2015,J U N,5,Zoya Akhtar,"Anil Kapoor, Shefali Shah, Priyanka Chopra, Ranveer Singh, Anushka Sharma, Farhan Akhtar, Rahul Bose, Zarina Wahab",Drama,"Eros International, Junglee Pictures, Excel Entertainment","83,00,00,000","1,00,62,00,000","1,44,79,87,500",0.68,0.32,0.6799999999999999,0.32,830000000.0,1006200000.0,Average
Hamari Adhuri Kahani,2015,J U N,12,Mohit Suri,"Emraan Hashmi, Vidya Balan, Rajkummar Rao",Romance/drama,"Fox Star Studios, Vishesh Films","40,00,00,000","40,48,00,000","51,87,20,000",0.0,1.0,0.63,0.37,400000000.0,404800000.0,Flop
ABCD 2,2015,J U N,19,Remo D'Souza,"Varun Dhawan, Shraddha Kapoor, Prabhu Deva, Lauren Gottlieb, Dharmesh Yelande, Punit Pathak, Raghav Juyal",Dance,"Walt Disney Pictures, UTV Motion Pictures","65,00,00,000","1,40,73,00,000","1,58,31,95,000",0.61,0.39,0.5599999999999999,0.44,650000000.0,1407300000.0,Superhit / Blockbuster
Miss Tanakpur Haazir Ho,2015,J U N,26,Vinod Kapri,"Annu Kapoor, Om Puri, Rahul Bagga, Hrishitaa Bhatt",Comedy/drama,"Fox Star Studios, Crossword Films, NG Film Crafts","6,00,00,000","1,54,00,000","1,54,00,000",0.0,1.0,0.6,0.4,60000000.0,15400000.0,Disaster
Uvaa,2015,J U N,26,Jasbir Bhaati,"Om Puri, Jimmy Sheirgill, Sangram Singh, Archana Puran Singh",Social/comedy,,"2,50,00,000","28,50,000","28,50,000",0.0,1.0,,,25000000.0,2850000.0,Disaster
Lion of Gujarat,2015,J U N,26,Dinesh Lamba,"Dinesh Lamba, Akruti Agrawal, Homi Wadia",Action,,"5,00,00,000","2,85,000","2,85,000",0.0,1.0,,,50000000.0,285000.0,Disaster
Bezubaan Ishq,2015,J U L,3,Jashwant Gangani,"Nishant Singh Malkani, Mugdha Godse, Sneha Ullal",Romance,,"15,00,00,000","14,75,000","14,75,000",0.0,1.0,0.0,1.0,150000000.0,1475000.0,Disaster
Guddu Rangeela,2015,J U L,3,Subhash Kapoor,"Arshad Warsi, Aditi Rao Hydari, Amit Sadh",Comedy,"Fox Star Studios, Mangl Murti Films","20,00,00,000","8,65,00,000","9,60,25,000",0.0,1.0,0.4599999999999999,0.54,200000000.0,86500000.0,Flop
Second Hand Husband,2015,J U L,3,Smeep Kang,"Gippy Grewal, Tina Ahuja, Dharmendra",Drama,,"11,00,00,000","3,20,00,000","5,10,50,000",0.0,1.0,0.4,0.6,110000000.0,32000000.0,Flop
I Love NY,2015,J U L,10,Radhika Rao,"Sunny Deol, Kangana Ranaut",Romance/drama,T-Series Films,"16,00,00,000","1,62,00,000","1,62,00,000",0.59,0.41,0.4599999999999999,0.54,160000000.0,16200000.0,Disaster
Thoda Lutf Thoda Ishq,2015,J U L,10,Sachin Gupta,"Hiten Tejwani, Sanjay Mishra",Romance/drama,,"17,00,00,000","2,84,000","2,84,000",0.0,1.0,0.5,0.5,170000000.0,284000.0,Disaster
Bajrangi Bhaijaan,2015,J U L,17,Kabir Khan,"Salman Khan, Kareena Kapoor, Nawazuddin Siddiqui, Harshaali Malhotra","Action, comedy, drama","Eros International, Salman Khan Films, Kabir Khan Films","1,25,00,00,000","4,22,13,00,000","6,03,99,40,000",0.79,0.21,0.78,0.22,1250000000.0,4221300000.0,Superhit / Blockbuster
Masaan,2015,J U L,24,Neeraj Ghaywan,"Richa Chadha, Vicky Kaushal, Sanjay Mishra, Shweta Tripathi",Drama,"Drishyam Films, Phantom Films, Macassar Productions, Sikhya Entertainment, Pathé, Arte France Cinéma","8,00,00,000","5,25,00,000","5,25,00,000",0.7,0.3,0.7,0.3,80000000.0,52500000.0,Flop
Drishyam,2015,J U L,31,Nishikant Kamat,"Ajay Devgn, Tabu, Shriya Saran, Rajat Kapoor",Drama/thriller,"Viacom18 Motion Pictures, Panorama Studios","62,00,00,000","93,85,00,000","1,10,42,60,000",0.8,0.2,0.77,0.23,620000000.0,938500000.0,Hit
Bangistan,2015,A U G,7,Karan Anshuman,"Riteish Deshmukh, Pulkit Samrat",Comedy,"Junglee Pictures, Excel Entertainment, Zorg Werke","29,00,00,000","7,41,00,000","8,30,25,000",0.51,0.49,0.5900000000000001,0.41,290000000.0,74100000.0,Flop
Brothers,2015,A U G,14,Karan Malhotra,"Akshay Kumar, Sidharth Malhotra, Jacqueline Fernandez, Jackie Shroff, Conan Stevens",Drama,"Fox Star Studios, Lionsgate, Dharma Productions, Endemol India","1,12,00,00,000","97,29,00,000","1,23,09,50,000",0.75,0.25,0.64,0.36,1120000000.0,972900000.0,Flop
Gour Hari Dastaan,2015,A U G,14,Ananth Narayan Mahadevan,"Vinay Pathak, Konkona Sen Sharma, Ranvir Shorey, Tannishtha Chatterjee",Drama,,"6,00,00,000","26,00,000","26,00,000",0.0,1.0,0.8,0.2,60000000.0,2600000.0,Disaster
All Is Well,2015,A U G,21,Umesh Shukla,"Abhishek Bachchan, Asin Thottumkal, Rishi Kapoor, Supriya Pathak",Drama,"T-Series Films, Alchemy Film Productions","34,00,00,000","17,29,00,000","23,03,20,000",0.73,0.27,0.5599999999999999,0.44,340000000.0,172900000.0,Flop
Manjhi – The Mountain Man,2015,A U G,21,Ketan Mehta,"Nawazuddin Siddiqui, Radhika Apte",Drama,"Viacom 18 Motion Pictures, NFDC, Maya Movies","8,50,00,000","17,24,00,000","17,24,00,000",0.6,0.4,0.73,0.27,85000000.0,172400000.0,Superhit / Blockbuster
Kaun Kitney Paani Mein,2015,A U G,28,Nila Madhab Panda,"Saurabh Shukla, Radhika Apte, Gulshan Grover",Social/drama,,"1,00,00,000","35,00,000","35,00,000",0.0,1.0,0.5700000000000001,0.43,10000000.0,3500000.0,Disaster
Phantom,2015,A U G,28,Kabir Khan,"Saif Ali Khan, Katrina Kaif",Action/thriller,"UTV Motion Pictures, Nadiadwala Grandson Entertainment","72,00,00,000","71,24,00,000","84,44,00,000",0.4,0.6,0.55,0.45,720000000.0,712400000.0,Flop
Welcome Back,2015,S E P,4,Anees Bazmee,"John Abraham, Shruti Hassan, Anil Kapoor, Nana Patekar, Paresh Rawal, Dimple Kapadia",Romance/comedy,"Base Industries Group, Eros International, Swiss Entertainment","1,08,00,00,000","1,31,66,00,000","1,68,76,70,000",0.59,0.41,0.52,0.48,1080000000.0,1316600000.0,Average
Lakhon Hain Yahan Dilwale,2015,S E P,4,Munnawar Bhagat,"Aditya Pancholi, Arun Bakshi, Kishori Shahane",Romance,,"2,50,00,000","2,87,500","2,87,500",0.0,1.0,,,25000000.0,287500.0,Disaster
Hero,2015,S E P,11,Nikhil Advani,"Sooraj Pancholi, Athiya Shetty, Salman Khan, Tigmanshu Dhulia, Aditya Pancholi, Sharad Kelkar",Action/romance,"Eros International, Salman Khan Films, Mukta Arts, Emmay Entertainment","18,00,00,000","17,48,00,000","25,44,00,000",0.75,0.25,0.62,0.38,180000000.0,174800000.0,Flop
Sorry Daddy,2015,S E P,11,Vijay Pal and Shakur,"Shamim Khan, Mukesh Tiwari, Tinu Verma",Action/drama,,"2,00,00,000","9,00,000","9,00,000",0.0,1.0,0.0,1.0,20000000.0,900000.0,Disaster
Katti Batti,2015,S E P,18,Nikhil Advani,"Imran Khan, Kangana Ranaut",Romance/comedy,"UTV Motion Pictures, Emmay Entertainment","32,00,00,000","32,78,00,000","42,64,25,000",0.58,0.42,0.54,0.46,320000000.0,327800000.0,Flop
Meeruthiya Gangster,2015,S E P,18,Zeishan Quadri,"Jaideep Ahlawat, Aakash Dahiya, Shadab Kamal, Nushrat Bharucha, Ishita Sharma",Crime/comedy,,"4,00,00,000","81,00,000","81,00,000",0.0,1.0,0.4,0.6,40000000.0,8100000.0,Disaster
Kis Kisko Pyaar Karoon,2015,S E P,25,Abbas–Mustan,"Kapil Sharma, Arbaz Khan, Manjari Phadnis, Simran Kaur Mundi, Elli Avram, Sai Lokur, Varun Sharma, Supriya Pathak",Comedy,"Venus Worldwide Entertainment, Abbas–Mustan Films Production, Pooja Entertainment, Trigger Edge","16,00,00,000","58,40,00,000","71,60,00,000",0.68,0.32,0.5900000000000001,0.41,160000000.0,584000000.0,Superhit / Blockbuster
Bhaag Johnny,2015,S E P,25,Shivam Nair,"Kunal Khemu, Zoa Morani, Mandana Karimi",Drama,T-Series Films,--,"1,75,00,000","1,75,00,000",0.51,0.49,0.6,0.4,0.0,17500000.0,
Singh Is Bliing,2015,O C T,2,Prabhu Deva,"Akshay Kumar, Amy Jackson",Comedy,"Pen Studios, Grazing Goat Pictures","76,00,00,000","1,20,00,00,000","1,46,00,00,000",0.61,0.39,0.5599999999999999,0.44,760000000.0,1200000000.0,Hit
Talvar,2015,O C T,2,Meghna Gulzar,"Irrfan Khan, Konkona Sen Sharma, Tabu",Thriller,"Junglee Pictures, VB Pictures","17,00,00,000","42,20,00,000","47,17,80,000",0.64,0.36,0.74,0.26,170000000.0,422000000.0,Superhit / Blockbuster
Jazbaa,2015,O C T,9,Sanjay Gupta,"Aishwarya Rai Bachchan, Irrfan Khan, Shabana Azmi",Action/drama,"Essel Vision Productions, Viking Media & Entertainment, White Feather Films","28,00,00,000","31,12,00,000","42,96,92,500",0.62,0.38,0.6900000000000001,0.31,280000000.0,311200000.0,Flop
Chinar Daastaan-E-Ishq,2015,O C T,16,Sharique Minhaj,"Faisal Khan, Inayat Sharma, Dalip Tahil, Shahbaz Khan",Romantic/drama,,--,"1,80,000","1,80,000",0.0,1.0,,,0.0,180000.0,
Pyaar Ka Punchnama 2,2015,O C T,16,Luv Ranjan,"Kartik Aaryan, Nushrat Bharucha, Sonnalli Seygall, Omkar Kapoor",Comedy,"Viacom18 Motion Pictures, Panorama Studios","22,00,00,000","83,45,00,000","88,17,67,500",0.7,0.3,0.6799999999999999,0.32,220000000.0,834500000.0,Superhit / Blockbuster
Wedding Pullav,2015,O C T,16,Binod Pradhan,"Anushka Ranjan, Diganth Manchale, Karan Grover, Rishi Kapoor, Sonnalli Seygall",Comedy,,--,"72,00,000","72,00,000",0.0,1.0,0.3,0.7,0.0,7200000.0,
Shaandaar,2015,O C T,22,Vikas Bahl,"Shahid Kapoor, Alia Bhatt, Pankaj Kapur",Romance/comedy,"Fox Star Studios, Dharma Productions, Phantom Films","69,00,00,000","54,38,00,000","75,70,00,000",0.38,0.62,0.45,0.55,690000000.0,543800000.0,Flop
Titli,2015,O C T,30,Kanu Behl,"Shashank Arora, Ranvir Shorey, Amit Sial, Lalit Behl",Crime,"Yash Raj Films, DBP",--,"2,48,00,000","2,48,00,000",0.68,0.32,0.6900000000000001,0.31,0.0,24800000.0,
Main Aur Charles,2015,O C T,30,Prawaal Raman,"Randeep Hooda, Richa Chadha, Adil Hussain, Nandu Madhav",Thriller,,"10,00,00,000","8,12,00,000","8,12,00,000",0.74,0.26,0.44,0.56,100000000.0,81200000.0,Flop
Guddu Ki Gun,2015,O C T,30,"Shantanu Ray Chhibber, Sheershak Anand","Kunal Khemu, Payel Sarkar, Aparna Sharma, Sumeet Vyas",Comedy,"Trigger Edge, Emenox Media",--,"2,12,00,000","2,12,00,000",0.39,0.61,0.54,0.46,0.0,21200000.0,
Prithipal Singh... A Story,2015,O C T,30,Babita Puri,"Vikas Kumar, Anjali Singh",Biopic,,"2,00,00,000","1,30,000","1,30,000",0.0,1.0,0.0,1.0,20000000.0,130000.0,Disaster
Four Pillars of Basement,2015,N O V,6,Giresh Naik K,"Dillzan Wadia, Bruna Abdullah, Aaliya Singh, Zakir Hussain",Thriller,,--,"27,00,000","27,00,000",0.0,1.0,1.0,0.0,0.0,2700000.0,
Charlie Kay Chakkar Mein,2015,N O V,6,Manish Srivasta,Naseeruddin Shah,Crime/thriller,,"6,00,00,000","1,02,00,000","1,02,00,000",0.0,1.0,,,60000000.0,10200000.0,Disaster
Yaara Silly Silly,2015,N O V,6,Subhash Sehgal,"Paoli Dam, Parambrata Chatterjee",Romance,,--,"51,00,000","51,00,000",0.0,1.0,0.6,0.4,0.0,5100000.0,
Ranbanka,2015,N O V,6,Aryeman Ramsay,"Manish Paul, Ravi Kishan, Pooja Thakur",Action,,--,"20,00,000","20,00,000",0.0,1.0,0.8,0.2,0.0,2000000.0,
Prem Ratan Dhan Payo,2015,N O V,12,Sooraj Barjatya,"Salman Khan, Sonam Kapoor, Neil Nitin Mukesh, Swara Bhaskar, Armaan Kohli, Anupam Kher, Deepak Dobriyal, Sanjay Mishra",Romance,"Fox Star Studios, Rajshri Productions","1,80,00,00,000","2,67,54,00,000","3,65,45,75,000",0.68,0.32,0.54,0.46,1800000000.0,2675400000.0,Hit
Angry Indian Goddesses,2015,N O V,27,Pan Nalin,"Sarah-Jane Dias, Tannishtha Chatterjee, Anushka Manchanda, Sandhya Mridul",Drama,,"9,00,00,000","2,92,00,000","2,92,00,000",0.51,0.49,0.6900000000000001,0.31,90000000.0,29200000.0,Disaster
Tamasha,2015,N O V,27,Imtiaz Ali,"Deepika Padukone, Ranbir Kapoor",Romance,"UTV Motion Pictures, Nadiadwala Grandson Entertainment, Window Seat Films","87,00,00,000","94,92,00,000","1,36,63,87,500",0.59,0.41,0.6599999999999999,0.34,870000000.0,949200000.0,Flop
Hate Story 3,2015,D E C,4,Vishal Pandya,"Zarine Khan, Daisy Shah, Sharman Joshi, Karan Singh Grover",Adult/thriller,T-Series Films,"20,00,00,000","60,55,00,000","62,21,25,000",0.4,0.6,0.5,0.5,200000000.0,605500000.0,Superhit / Blockbuster
Bajirao Mastani,2015,D E C,18,Sanjay Leela Bhansali,"Ranveer Singh, Deepika Padukone, Priyanka Chopra",Romance,"Eros International, Bhansali Productions","1,45,00,00,000","2,55,41,00,000","3,56,20,25,000",0.77,0.23,0.73,0.27,1450000000.0,2554100000.0,Hit
Dilwale,2015,D E C,18,Rohit Shetty,"Shah Rukh Khan, Kajol, Varun Dhawan, Kriti Sanon",Action/romance,"Red Chillies Entertainment, Rohit Shetty Productions","4,00,00,000","86,49,00,000","1,03,17,00,000",0.72,0.28,0.6599999999999999,0.34,40000000.0,864900000.0,Superhit / Blockbuster
Chhota Bheem Himalayan Adventures,2016,J A N,8,Rajiv Chilaka,,Animation,Green Gold Animation,"5,75,00,000","5,21,00,000","5,21,00,000",0.0,1.0,,,57500000.0,52100000.0,Flop
Wazir,2016,J A N,8,Bejoy Nambiar,"Amitabh Bachchan, Farhan Akhtar, Aditi Rao Hydari, Manav Kaul, Neil Nitin Mukesh, John Abraham, Murali Sharma, Avtar Gill",Thriller,"Reliance Entertainment, Vinod Chopra Films, Getaway Films","36,00,00,000","55,86,00,000","75,75,15,000",0.6,0.4,0.6599999999999999,0.34,360000000.0,558600000.0,Hit
Chalk n Duster,2016,J A N,15,Jayant Gilatar,"Shabana Azmi, Juhi Chawla, Divya Dutta, Zarina Wahab, Jackie Shroff, Arya Babbar, Richa Chadha",Drama,"Sony Pictures India, Surani Pictures","12,00,00,000","2,22,00,000","2,22,00,000",0.52,0.48,0.73,0.27,120000000.0,22200000.0,Disaster
Airlift,2016,J A N,22,Raja Krishna Menon,"Akshay Kumar, Nimrat Kaur, Purab Kohli, Ferena Wazeir, Gunjan Malhotra",War/Thriller,"T-Series Films, Hari Om Entertainment, Cape of Good Films, Emmay Entertainment, Abundantia Entertainment, Viacom18 Motion Pictures","68,00,00,000","1,66,03,00,000","2,09,97,25,000",0.76,0.24,0.71,0.29,680000000.0,1660300000.0,Superhit / Blockbuster
Kyaa Kool Hain Hum 3,2016,J A N,22,Umesh Ghadge,"Tushar Kapoor, Aftab Shivdasani, Mandana Karimi, Meghna Naidu, Darshan Jariwala, Krushna Abhishek, Claudia Ciesla, Riteish Deshmukh, Gizele Thakral, VJ Andy, Danny Saru",Adult comedy,"Balaji Motion Pictures, ALT Entertainment","26,00,00,000","32,40,00,000","33,14,25,000",0.32,0.68,0.29,0.71,260000000.0,324000000.0,Average
Saala Khadoos,2016,J A N,29,Sudha Kongara Prasad,"R. Madhavan, Ritika Singh, Zakir Hussain",Sports,"UTV Motion Pictures, Tricolour Films, Rajkumar Hirani Films, YNOT Studios","20,00,00,000","14,95,00,000","14,95,00,000",0.3,0.7,,,200000000.0,149500000.0,Flop
Mastizaade,2016,J A N,29,Milap Milan Zaveri,"Tushar Kapoor, Vir Das, Sunny Leone, Shaad Randhawa, Riteish Deshmukh, Gizele Thakral, Bruna Abdullah",Adult comedy,"Pen Studios, Panorama Studios, Pritish Nandy Communications","30,00,00,000","24,78,00,000","25,59,60,000",0.43,0.57,0.32,0.68,300000000.0,247800000.0,Flop
Sanam Teri Kasam,2016,F E B,5,"Radhika Rao, Vinay Sapru","Mawra Hocane, Harshvardhan Rane, Anurag Sinha, Shraddha Das",Romance,"Eros International, Soham Rockstar Entertainment, Jhoom Jhoom Productions","19,00,00,000","11,19,25,000","15,17,25,000",0.78,0.22,0.79,0.21,190000000.0,111925000.0,Flop
Ghayal: Once Again,2016,F E B,5,Sunny Deol,"Sunny Deol, Soha Ali Khan, Aanchal Munjal, Daina Khan, Shivam Patil, Rishabh Arora, Abhilash Kumar",Action/drama,"Reliance Entertainment, B4U Motion Pictures, PVR Cinemas, Sunny Sounds, Vijayta Films","50,00,00,000","37,61,00,000","45,35,00,000",0.6,0.4,0.6,0.4,500000000.0,376100000.0,Flop
Fitoor,2016,F E B,12,Abhishek Kapoor,"Aditya Roy Kapoor, Katrina Kaif, Tabu, Ajay Devgn, Aditi Rao Hydari, Akshay Oberoi, Lara Dutta, Rahul Bhatt",Romance/drama,"UTV Motion Pictures, Guy In The Sky Pictures","71,00,00,000","23,42,00,000","39,78,25,000",0.38,0.62,0.5700000000000001,0.43,710000000.0,234200000.0,Flop
Sanam Re,2016,F E B,12,Divya Khosla Kumar,"Pulkit Samrat, Yami Gautam, Urvashi Rautela, Rishi Kapoor, Bharti Singh, Shreyas Pardiwalla",Romance,T-Series Films,"27,00,00,000","30,08,00,000","31,45,50,000",0.71,0.29,0.63,0.37,270000000.0,300800000.0,Flop
Direct Ishq,2016,F E B,19,Rajiv S. Ruia,"Rajneesh Duggal, Nidhi Subbaiah, Arjun Bijlani",Drama,Baba Motion Pictures,"22,00,00,000","56,00,000","56,00,000",0.0,1.0,0.47,0.53,220000000.0,5600000.0,Disaster
LoveShhuda,2016,F E B,19,Vaibhav Mishra,"Girish Kumar, Navneet Kaur Dhillon, Benaf Dadachandji, Yash Pandit",Romance,Galani Entertainments,"22,00,00,000","4,12,00,000","4,29,12,500",0.57,0.43,0.8699999999999999,0.13,220000000.0,41200000.0,Flop
Neerja,2016,F E B,19,Ram Madhvani,"Sonam Kapoor, Shabana Azmi, Shekhar Ravjiani",Biopic/drama,"Fox Star Studios, Bling Unplugged","28,00,00,000","90,36,00,000","1,18,71,90,000",0.7,0.3,0.73,0.27,280000000.0,903600000.0,Superhit / Blockbuster
Dhara 302,2016,F E B,26,Jitender Singh Narukal,"Rufy Khan, Dipti Dhotre, Gulshan Pandey",Actiom/drama,,--,"7,00,000","7,00,000",0.0,1.0,0.4,0.6,0.0,700000.0,
Aligarh,2016,F E B,26,Hansal Mehta,"Manoj Bajpayee, Rajkummar Rao",Biopic/drama,"Eros International, Karma Features","11,00,00,000","3,74,00,000","3,74,00,000",0.68,0.32,0.6900000000000001,0.31,110000000.0,37400000.0,Flop
Bollywood Diaries,2016,F E B,26,K.D. Satyam,"Raima Sen, Ashish Vidyarthi, Salim Diwan, Karuna Pandey, Vineet Kumar Singh",Drama,"Zee Studios, Rehab Pictures, Eagle Eye Entertainment",--,"47,00,000","47,00,000",0.0,1.0,0.0,1.0,0.0,4700000.0,
Love Shagun,2016,F E B,26,Sandesh Nayak,"Anuj Sachdeva, Nidhi Subbaiah, Manit Joura",Romance/comedy,Saanvi Nayak Films,--,"12,00,000","12,00,000",0.0,1.0,0.72,0.28,0.0,1200000.0,
Tere Bin Laden: Dead or Alive,2016,F E B,26,Abhishek Sharma,"Manish Paul, Sikander Kher, Pradhuman Singh, Sugandha Ram",Comedy,"Phantom Films, Walkwater Media, Shivantika Productions","13,00,00,000","4,71,00,000","5,81,00,000",0.35,0.65,0.48,0.52,130000000.0,47100000.0,Flop
Zubaan,2016,M A R,4,Mozez Singh,"Vicky Kaushal, Sarah Jane Dias, Raghav Chanana",Drama,"Wave Cinemas, Metamozez Entertainment, Sikhya Entertainment","8,00,00,000","52,00,000","52,00,000",0.4,0.6,0.7,0.3,80000000.0,5200000.0,Disaster
Jai Gangaajal,2016,M A R,4,Prakash Jha,"Priyanka Chopra, Anuj Aggarwal, Prakash Jha, Rahul Bhatt",Drama/comedy,"Prakash Jha Productions, Play Entertainments","33,00,00,000","45,07,00,000","49,59,25,000",0.66,0.34,0.53,0.47,330000000.0,450700000.0,Hit
Global Baba,2016,M A R,11,Manoj Sidheshwari Tewari,"Abhimanyu Singh, Sandeepa Dhar, Ravi Kishan, Pankaj Tripathi, Sanjay Mishra, Akhilendra Mishra",Satire,,--,"9,50,000","9,50,000",0.0,1.0,0.37,0.63,0.0,950000.0,
Teraa Surroor,2016,M A R,11,Shawn Arranha,"Himesh Reshammiya, Farah Karimi, Monica Dogra, Naseeruddin Shah, Shekhar Kapur",Action/thriller/romance,"T-Series Films, HR Musik","15,00,00,000","8,54,00,000","8,54,00,000",0.32,0.68,0.63,0.37,150000000.0,85400000.0,Flop
Kapoor & Sons,2016,M A R,18,Shakun Batra,"Sidharth Malhotra, Alia Bhatt, Fawad Khan, Rishi Kapoor, Sukant Goel",Drama/comedy,"Fox Star Studios, Dharma Productions","38,00,00,000","96,27,00,000","1,43,28,55,000",0.7,0.3,0.7,0.3,380000000.0,962700000.0,Superhit / Blockbuster
Rocky Handsome,2016,M A R,25,Nishikant Kamat,"John Abraham, Shruti Haasan, Nathalia Kaur",Action,"Reliance Entertainment, JA Entertainment, Azure Entertainment","43,00,00,000","30,67,00,000","35,58,18,750",0.8,0.2,0.64,0.36,430000000.0,306700000.0,Flop
Ki & Ka,2016,A P R,1,R. Balki,"Kareena Kapoor Khan, Arjun Kapoor, Amitabh Bachchan, Jaya Bachchan",Romantic comedy,"Eros International, Hope Productions","35,00,00,000","71,37,00,000","99,30,00,000",0.72,0.28,0.55,0.45,350000000.0,713700000.0,Superhit / Blockbuster
Love Games,2016,A P R,8,Vikram Bhatt,"Patralekha, Tara Alisha Berry, Gaurav Arora",Thriller,"T-Series Films, Vishesh Films","10,00,00,000","4,33,80,000","4,33,80,000",0.67,0.33,0.53,0.47,100000000.0,43380000.0,Flop
The Blueberry Hunt,2016,A P R,8,Anup Kurien,"Naseeruddin Shah, Vipin Sharma, Vinay Forrt",Thriller,"Springboard Films, Divine Thought Productions, Visual Possibility, Brand Stand",--,"4,15,000","4,15,000",0.0,1.0,0.7,0.3,0.0,415000.0,
Fan,2016,A P R,15,Maneesh Sharma,"Shah Rukh Khan, Waluscha de Sousa, Sayani Gupta, Shriya Pilgaonkar",Action/drama/thriller,Yash Raj Films,"30,00,00,000","73,28,00,000","1,05,48,00,000",0.63,0.37,0.63,0.37,300000000.0,732800000.0,Superhit / Blockbuster
Nil Battey Sannata,2016,A P R,22,Ashwini Iyer Tiwari,"Swara Bhaskar, Ratna Pathak, Pankaj Tripathi, Sanjay Suri",Comedy/drama,"Eros International, Colour Yellow Productions, JAR Pictures, Opticus INC","7,50,00,000","5,62,00,000","5,83,00,000",0.65,0.35,0.74,0.26,75000000.0,56200000.0,Flop
Laal Rang,2016,A P R,22,Syed Ahmad Afzal,"Randeep Hooda, Akshay Oberoi, Rajneesh Duggal, Piaa Bajpai",Action,Krian Pictures,"10,00,00,000","2,68,00,000","2,68,00,000",0.72,0.28,0.61,0.39,100000000.0,26800000.0,Disaster
Santa Banta Pvt Ltd,2016,A P R,22,Akashdeep Sabir,"Vir Das, Boman Irani, Ram Kapoor, Neha Dhupia, Lisa Haydon",Comedy,"Viacom 18 Motion Pictures, Cinetek Telefilms",--,"66,00,000","66,00,000",0.0,1.0,0.38,0.62,0.0,6600000.0,
Baaghi,2016,A P R,29,Sabbir Khan,"Tiger Shroff, Shraddha Kapoor, Sudheer Babu, Sunil Grover",Action,"UTV Motion Pictures, Nadiadwala Grandson Entertainment","5,75,00,000","6,15,00,000","6,47,62,500",0.67,0.33,0.64,0.36,57500000.0,61500000.0,Flop
Shortcut Safari,2016,A P R,29,Amitabha Singh,"Jimmy Shergill, Aashi Rawal, Sharvil Patel, Mann Patel, Ugam Khetani, Stuti Dwivedi, Deah Tandon, Hardil Kanaba","Adventure, drama",Xebec Films,--,"6,25,000","6,25,000",0.0,1.0,0.5,0.5,0.0,625000.0,
One Night Stand,2016,M A Y,6,Jasmine Moses D'Souza,"Sunny Leone, Tanuj Virwani, Nyra Banerjee",Thriller,Swiss Entertainment,"17,00,00,000","4,80,00,000","4,80,00,000",0.52,0.48,0.4599999999999999,0.54,170000000.0,48000000.0,Flop
Traffic,2016,M A Y,6,Rajesh Pillai,"Manoj Bajpayee, Jimmy Sheirgill, Divya Dutta, Kitu Gidwani, Prosenjit Chatterjee, Sachin Khedekar, Nikita Thukral, Vishal Singh, Jishnu Raghavan, Parambrata Chatterjee",Thriller,"Fox Star Studios, Endemol Shine India","5,25,00,000","11,98,00,000","12,11,20,000",0.0,1.0,0.6599999999999999,0.34,52500000.0,119800000.0,Superhit / Blockbuster
1920: London,2016,M A Y,6,Tinu Suresh Desai,"Sharman Joshi, Meera Chopra, Vishal Karwal",Horror,Reliance Entertainment,"21,00,00,000","21,41,00,000","22,68,00,000",0.6,0.4,0.42,0.58,210000000.0,214100000.0,Flop
Azhar,2016,M A Y,13,Tony D'Souza,"Emraan Hashmi, Nargis Fakhri, Prachi Desai, Gautam Gulati, Kunaal Roy Kapur, Lara Dutta, Karanvir Sharma",Biopic,"Balaji Motion Pictures, Sony Pictures Networks","40,00,00,000","42,73,00,000","49,93,90,000",0.68,0.32,0.5900000000000001,0.41,400000000.0,427300000.0,Flop
Buddha in a Traffic Jam,2016,M A Y,13,Vivek Agnihotri,"Arunoday Singh, Mahie Gill, Anchal Dwivedi, Pallavi Joshi, Anupam Kher",Political drama,,--,"40,00,000","40,00,000",0.0,1.0,0.73,0.27,0.0,4000000.0,
Khel Toh Ab Shuru Hoga,2016,M A Y,13,Kunal V Singh,"Ruslaan Mumtaz, Devshi Khanduri",Comedy,GMD Films,,"5,25,000","5,25,000",0.0,1.0,0.4,0.6,0.0,525000.0,
Dear Dad,2016,M A Y,16,Tanuj Bhramar,"Arvind Swamy, Himanshu Sharma, Ekavali Khanna",Drama,Peppermint Studios,--,"22,00,000","22,00,000",0.0,1.0,0.72,0.28,0.0,2200000.0,
Sarbjit,2016,M A Y,20,Omung Kumar,"Aishwarya Rai, Randeep Hooda, Richa Chadha",Biopic,"T-Series Films, Legend Studios","15,00,00,000","25,69,00,000","41,50,00,000",0.68,0.32,0.76,0.24,150000000.0,256900000.0,Hit
Phobia,2016,M A Y,27,Pawan Kripalani,"Radhika Apte, Satyadeep Misra",Thriller/horror,"Eros International, Next Gen Films","8,50,00,000","5,29,00,000","5,29,00,000",0.58,0.42,0.7,0.3,85000000.0,52900000.0,Flop
Veerappan,2016,M A Y,27,Ram Gopal Varma,"Sandeep Bharadwaj, Lisa Ray, Sachiin Joshi, Usha Jadhav",Action/biopic,Viking Media & Entertainment,"14,00,00,000","9,03,00,000","9,03,00,000",0.63,0.37,0.5900000000000001,0.41,140000000.0,90300000.0,Flop
Fredrick,2016,M A Y,27,Rajesh Butalia,"Prashant Narayanan, Avinash Dhyani",Action,,--,"15,50,000","15,50,000",0.0,1.0,0.7,0.3,0.0,1550000.0,
Housefull 3,2016,J U N,3,Sajid-Farhad,"Akshay Kumar, Abhishek Bachchan, Riteish Deshmukh, Jacqueline Fernandez, Lisa Haydon, Nargis Fakhri, Nikitin Dheer, Jackie Shroff",Comedy,"Eros International, Nadiadwala Grandson Entertainment","97,00,00,000","1,50,55,00,000","1,94,93,50,000",0.61,0.39,0.52,0.48,970000000.0,1505500000.0,Hit
Project Marathwada,2016,J U N,3,"Prakash Patel, Bhavin Wadia","Om Puri, Dalip Tahil, Seema Biswas",Drama,,--,"3,62,500","3,62,500",0.0,1.0,0.0,1.0,0.0,362500.0,
Do Lafzon Ki Kahani,2016,J U N,10,Deepak Tijori,"Randeep Hooda, Kajal Aggarwal",Romantic,"Dhiraj Motion Pictures, Focus Motion Pictures, Deepak Tijori Films, Pen Studios","11,00,00,000","4,09,00,000","4,09,00,000",0.61,0.39,0.72,0.28,110000000.0,40900000.0,Flop
Dhanak,2016,J U N,10,Nagesh Kukunoor,"Hetal Gadda, Krrish Chabbria, Vipin Sharma, Vibha Chibber, Vijay Maurya",Drama,"Drishyam Films, Kukunoor Movies",--,"2,65,00,000","2,98,50,000",0.0,1.0,0.73,0.27,0.0,26500000.0,
Te3n,2016,J U N,10,Ribhu Dasgupta,"Amitabh Bachchan, Vidya Balan, Nawazuddin Siddiqui",Thriller,"Endemol Shine India, Reliance Entertainment, Blue Waters Motion Pictures, Cinemaa, Kross Pictures","34,00,00,000","26,16,00,000","33,76,95,000",0.59,0.41,0.6900000000000001,0.31,340000000.0,261600000.0,Flop
Udta Punjab,2016,J U N,17,Abhishek Chaubey,"Shahid Kapoor, Alia Bhatt, Kareena Kapoor Khan, Diljit Dosanjh",Crime/drama,"Reliance Entertainment, Balaji Motion Pictures, Phantom Films","47,00,00,000","80,00,00,000","96,08,00,000",0.66,0.34,0.72,0.28,470000000.0,800000000.0,Hit
Raman Raghav 2.0,2016,J U N,24,Anurag Kashyap,"Nawazuddin Siddiqui, Vicky Kaushal, Sobhita Dhulipala",Crime/thriller,"Reliance Entertainment, Phantom Films","10,00,00,000","9,42,00,000","10,67,80,000",0.59,0.41,0.71,0.29,100000000.0,94200000.0,Flop
Junooniyat,2016,J U N,24,Vivek Agnihotri,"Pulkit Samrat, Yami Gautam, Gulshan Devaiah, Hrishita Bhatt",Romance,T-Series Films,"12,00,00,000","5,13,00,000","5,13,00,000",0.64,0.36,0.44,0.56,120000000.0,51300000.0,Flop
7 Hours To Go,2016,J U N,24,Saurabh Varma,"Shiv Panditt, Sandeepa Dhar, Natasa Stankovic, Varun Badola",Crime/thriller,"Krian Pictures, Saurabh Varma Pictures",--,"76,00,000","86,20,000",0.0,1.0,0.44,0.56,0.0,7600000.0,
A Scandall,2016,J U N,24,Ishaan Shrivedi,"Reeth Mazumder, Manav Kaul, Tanvi Vyas",Adult,,--,"73,00,000","73,00,000",0.0,1.0,0.32,0.68,0.0,7300000.0,
Rough Book,2016,J U N,24,Ananth Narayan Mahadevan,"Amaan Khan, Tannishtha Chatterjee",Drama,Aerika Cineworks,--,"9,75,000","9,75,000",0.0,1.0,0.6799999999999999,0.32,0.0,975000.0,
Shorgul,2016,J U L,1,"Pranav Kumar Singh, Jitendra Tiwari","Jimmy Sheirgill, Suha Gezen, Ashutosh Rana, Narendra Jha",Political drama,24 FPS Films,--,"1,24,00,000","1,24,00,000",0.69,0.31,0.49,0.51,0.0,12400000.0,
Dil Toh Deewana Hai,2016,J U L,1,Raja Bundela,"Haider Khan, Sadha, Raj Babbar, Zeenat Aman, Sushmita Mukherjee, Alok Nath, Hemant Pandey",Comedy/romance,DSA Group,--,"2,25,000","2,25,000",0.0,1.0,0.7,0.3,0.0,225000.0,
Sultan,2016,J U L,6,Ali Abbas Zafar,"Salman Khan, Anushka Sharma, Randeep Hooda, Amit Sadh, Parikshit Sahni, Kumud Mishra",Sports/drama,Yash Raj Films,"80,00,00,000","4,21,00,00,000","6,07,00,00,000",0.72,0.28,0.6900000000000001,0.31,800000000.0,4210000000.0,Superhit / Blockbuster
Great Grand Masti,2016,J U L,15,Indra Kumar,"Vivek Oberoi, Riteish Deshmukh, Aftab Shivdasani, Urvashi Rautela, Shraddha Das, Mishti, Pooja Bose, Sonali Raut, Shreyas Talpade",Sex comedy/horror,"ALT Entertainment, Sri Adhikari Brothers, Anand Pandit Motion Pictures, Maruti International","39,00,00,000","19,89,00,000","20,22,62,500",0.0,1.0,0.43,0.57,390000000.0,198900000.0,Flop
Madaari,2016,J U L,22,Nishikant Kamat,"Irrfan Khan, Jimmy Sheirgill",Drama,"Pooja Entertainment, Miraj Group, EaseMyTrip, Saptarishi Cinevision, Paramhans Creations, Dore Films",--,"24,71,00,000","28,73,00,000",0.67,0.33,0.73,0.27,0.0,247100000.0,
Ishq Click,2016,J U L,22,Anil Ballani,"Adhyayan Suman, Sara Loren",Romance/drama,Algol Films,--,"20,00,000","20,00,000",0.0,1.0,0.5,0.5,0.0,2000000.0,
M Cream,2016,J U L,22,Agneya Singh,"Imaad Shah, Ira Dubey, Raaghav Chanana",Road movie,Agniputra Films,--,"23,25,000","23,25,000",0.0,1.0,0.6,0.4,0.0,2325000.0,
Dishoom,2016,J U L,29,Rohit Dhawan,"John Abraham, Varun Dhawan, Jacqueline Fernandez, Saqib Saleem, Ram Kapoor, Akshaye Khanna, Parineeti Chopra",Action,"Eros International, Nadiadwala Grandson Entertainment","61,00,00,000","94,71,00,000","1,18,76,30,000",0.64,0.36,0.54,0.46,610000000.0,947100000.0,Hit
Love Ke Funday,2016,J U L,29,Indervesh Yogee,"Shaleen Bhanot, Pooja Banerjee",Comedy,,--,"7,00,000","7,00,000",0.0,1.0,0.4,0.6,0.0,700000.0,
Mission Tiger,2016,J U L,29,Dipu Karunakaran,"Vijay Raaz, T. R. Bijulal",Documentary,,"40,00,000","2,50,000","2,50,000",0.4,0.6,0.0,1.0,4000000.0,250000.0,Disaster
The Legend of Michael Mishra,2016,A U G,5,Manish Jha,"Arshad Warsi, Aditi Rao Hydari, Boman Irani, Kayoze Irani",Romance/drama,"Wave Cinemas, Eye Candy Films",--,"1,30,00,000","1,30,00,000",0.0,1.0,0.6799999999999999,0.32,0.0,13000000.0,
Fever,2016,A U G,5,Rajeev Jhaveri,"Rajeev Khandelwal, Gauahar Khan, Gemma Atkinson, Victor Banerjee, Caterina Murino, Ankita Makwana",Thriller,"Niche Film Farm, Jaya Sapthagiris Productions, Indian Celebrity Management Entertainment, Plus Entertainment","7,00,00,000","1,53,00,000","1,53,00,000",0.62,0.38,0.25,0.75,70000000.0,15300000.0,Disaster
Hai Apna Dil Toh Awara,2016,A U G,5,Monjoy Mukerji,Sahil Anand,Comedy/Romance,,--,"9,15,000","9,15,000",0.35,0.65,0.0,1.0,0.0,915000.0,
Budhia Singh – Born to Run,2016,A U G,5,Soumendra Padhi,"Manoj Bajpayee, Mayur Patole",Sports,"Viacom18 Motion Pictures, Code Red Films",,"2,68,00,000","2,68,00,000",0.67,0.33,0.6,0.4,0.0,26800000.0,
Mohenjo Daro,2016,A U G,12,Ashutosh Gowariker,"Hrithik Roshan, Pooja Hegde, Kabir Bedi, Arunoday Singh, Sharad Kelkar",Period drama,"UTV Motion Pictures, Ashutosh Gowariker Productions","1,38,00,00,000","74,93,00,000","1,04,07,50,000",0.6,0.4,0.62,0.38,1380000000.0,749300000.0,Flop
Rustom,2016,A U G,12,Tinu Suresh Desai,"Akshay Kumar, Ileana D'Cruz, Esha Gupta, Arjan Bajwa",Romance/thriller,"Zee Studios, KriArj Entertainment, Cape of Good Films, Plan C Studios","73,00,00,000","1,73,07,00,000","2,14,00,70,000",0.76,0.24,0.6900000000000001,0.31,730000000.0,1730700000.0,Superhit / Blockbuster
Happy Bhag Jayegi,2016,A U G,19,Mudassar Aziz,"Abhay Deol, Diana Penty, Momal Sheikh, Ali Fazal, Jimmy Sheirgill",Comedy,"Eros International, Colour Yellow Productions","20,00,00,000","39,15,00,000","45,00,00,000",0.69,0.31,0.62,0.38,200000000.0,391500000.0,Hit
A Flying Jatt,2016,A U G,25,Remo D'Souza,"Tiger Shroff, Jacqueline Fernandez, Nathan Jones, Kay Kay Menon, Amrita Singh",Superhero/Action/comedy,Balaji Motion Pictures,"55,00,00,000","42,78,00,000","49,33,68,750",0.36,0.64,0.31,0.69,550000000.0,427800000.0,Flop
Akira,2016,S E P,2,A.R. Murugadoss,"Sonakshi Sinha, Konkona Sen Sharma, Raai Laxmi, Amit Sadh, Anurag Kashyap, Atul Kulkarni",Action/drama,"Fox Star Studios, A.R. Murugadoss Productions","32,00,00,000","36,57,00,000","43,87,30,000",0.52,0.48,0.5700000000000001,0.43,320000000.0,365700000.0,Flop
Yea Toh Two Much Ho Gayaa,2016,S E P,2,Anwer Khan,"Arbaaz Khan, Jimmy Sheirgill, Pooja Chopra, Bruna Abdullah, Devansh Sharma",Action/drama,,,"44,00,000","44,00,000",0.0,1.0,0.7,0.3,0.0,4400000.0,
Island City,2016,S E P,2,Ruchika Oberoi,"Tannishtha Chatterjee, Ashwin Mushran, Vinay Pathak, Amruta Subhash",Drama,NFDC,--,"20,25,000","20,25,000",0.3,0.7,0.8,0.2,0.0,2025000.0,
Baar Baar Dekho,2016,S E P,9,Nitya Mehra,"Katrina Kaif, Sidharth Malhotra, Ram Kapoor, Taaha Shah, Sarika, Sayani Gupta",Drama/Romance,"Eros International, Dharma Productions, Excel Entertainment","53,00,00,000","42,37,00,000","62,67,10,000",0.58,0.42,0.5700000000000001,0.43,530000000.0,423700000.0,Flop
Freaky Ali,2016,S E P,9,Sohail Khan,"Nawazuddin Siddiqui, Arbaaz Khan, Amy Jackson, Jas Arora, Seema Biswas, Nikitin Dheer, Asif Basra, Paresh Ganatra, Alam Khan",Comedy/sports,Sohail Khan Productionz,"23,00,00,000","18,70,00,000","20,87,75,000",0.59,0.41,0.5599999999999999,0.44,230000000.0,187000000.0,Flop
Ek Kahani Julie Ki,2016,S E P,9,Aziz Zee,Rakhi Sawant,Thriller,Chetna Entertainment,--,"12,00,000","12,00,000",0.0,1.0,0.5,0.5,0.0,1200000.0,
Raaz: Reboot,2016,S E P,16,Vikram Bhatt,"Emraan Hashmi, Kriti Kharbanda, Gaurav Arora, Suzanna Mukherjee",Horror,"T-Series Films, Vishesh Films","31,00,00,000","40,91,00,000","42,10,00,000",0.61,0.39,0.42,0.58,310000000.0,409100000.0,Average
Pink,2016,S E P,16,Aniruddha Roy Chowdhury,"Amitabh Bachchan, Taapsee Pannu, Kirti Kulhari, Andrea Tariang, Angad Bedi",Drama,"Rashmi Sharma Films, Rising Sun Films","29,00,00,000","89,85,00,000","1,08,87,80,000",0.52,0.48,0.74,0.26,290000000.0,898500000.0,Superhit / Blockbuster
Parched,2016,S E P,23,Leena Yadav,"Tannishtha Chatterjee, Radhika Apte, Surveen Chawla, Sayani Gupta",Drama,"Seville International, Reliance Entertainment, Ajay Devgn FFilms, Shivalaya Entertainment, Blue Waters Motion Pictures, Airan Consultants, Ashlee Films, Marlylebone Entertainment","24,00,00,000","1,98,00,000","12,03,00,000",0.68,0.32,0.74,0.26,240000000.0,19800000.0,Disaster
Banjo,2016,S E P,23,Ravi Jadhav,"Riteish Deshmukh, Nargis Fakhri, Dharmesh Yelande",Comedy/drama,Eros International,"27,00,00,000","11,31,00,000","12,11,10,000",0.37,0.63,0.4599999999999999,0.54,270000000.0,113100000.0,Flop
Days of Tafree,2016,S E P,23,Krishnadev Yagnik,"Yash Soni, Nimisha Mehta",Comedy,"Anand Pandit Motion Pictures, Rashmi Sharma Films",--,"3,33,00,000","3,33,00,000",0.63,0.37,,,0.0,33300000.0,
Wah Taj,2016,S E P,23,Ajit Sinha,"Shreyas Talpade, Manjari Phadnis, Hemant Pandey, Rajesh Sharma, Rajeev Verma",Satirical,"Pen Studios, Pun Films, Spyderwave Films",--,"19,25,000","19,25,000",0.56,0.44,0.85,0.15,0.0,1925000.0,
M.S. Dhoni: The Untold Story,2016,S E P,30,Neeraj Pandey,"Sushant Singh Rajput, Anupam Kher, Herry Tangri, Kiara Advani, Disha Patani, Bhumika Chawla",Biopic/sports,"Fox Star Studios, Inspired Entertainment, Friday Filmworks","1,10,00,00,000","1,84,78,00,000","2,15,00,00,000",0.8,0.2,0.71,0.29,1100000000.0,1847800000.0,Hit
Mirzya,2016,O C T,7,Rakeysh Omprakash Mehra,"Harshvardhan Kapoor, Saiyami Kher, Om Puri, Art Malik, K.K. Raina",Drama/romance,"Cinestaan Film Company, ROMP Pictures","63,00,00,000","10,93,00,000","13,46,65,000",0.6,0.4,0.62,0.38,630000000.0,109300000.0,Flop
MSG: The Warrior Lion Heart,2016,O C T,7,"Gurmeet Ram Rahim Singh, Honeypreet Insan","Gurmeet Ram Rahim Singh, Honeypreet Insan, Charapreet Insan, Kainaat Insan, Garima Insan, Rajesh Insan, Sukhottam Insan, Ashok Insan, Bhushan Insan",Adventure,Hakikat Entertainment,"18,00,00,000","17,60,00,000","17,66,00,000",0.32,0.68,0.7,0.3,180000000.0,176000000.0,Flop
Tutak Tutak Tutiya,2016,O C T,7,A. L. Vijay,"Prabhu Deva, Tamannaah, Sonu Sood",Supernatural comedy,"Prabhu Deva Studios, Pooja Entertainment, Skakti Sagar Productions","11,00,00,000","6,54,00,000","6,94,05,000",0.55,0.45,,,110000000.0,65400000.0,Flop
Anna,2016,O C T,14,Shashank Udapurkar,"Shashank Udapurkar, Tanishaa Mukerji, Govind Namdeo, Rajit Kapur, Sharat Saxena, Kishor Kadam",Biographical,,"6,75,00,000","4,87,00,000","5,11,12,500",0.43,0.57,0.5,0.5,67500000.0,48700000.0,Flop
Motu Patlu: King of Kings,2016,O C T,14,Suhas D. Kadavand,"Saurav Chakraborty, Omi Sharma",Animation/comedy/adventure,"Viacom18 Motion Pictures, Nickelodeon, Maya Digital Studios, Cosmos Maya","50,00,000","4,00,00,000","4,00,00,000",0.67,0.33,0.9,0.1,5000000.0,40000000.0,Superhit / Blockbuster
Beiimaan Love,2016,O C T,14,Rajeev Chaudhary,"Sunny Leone, Rajneesh Duggal, Daniel Weber",Thriller,,--,"3,11,00,000","3,11,00,000",0.0,1.0,0.27,0.73,0.0,31100000.0,
Saat Uchakkey,2016,O C T,14,Sanjeev Sharma,"Manoj Bajpayee, Anupam Kher, Kay Kay Menon, Annu Kapoor, Vijay Raaz, Aditi Sharma",Comedy,"Wave Cinemas, Crouching Tiger Motion Pictures, Friday Filmworks",--,"3,35,00,000","3,35,00,000",0.0,1.0,0.5700000000000001,0.43,0.0,33500000.0,
Love Day - Pyaar Ka Din,2016,O C T,21,"Sandeep Choudhary, Harish Kotian","Ajaz khan, Sahil anand, Harsh nagar, Anant Mahadevan, Vaibhav Mathur, Shalu Singh, Amit khanna, Devendra Chauhan",Comedy thriller,,"2,25,00,000","1,75,000","1,75,000",0.68,0.32,,,22500000.0,175000.0,Disaster
31st October,2016,O C T,21,Shivaji Lotan Patil,"Vir Das, Soha Ali Khan",Drama/thriller,,"7,00,00,000","1,38,00,000","1,38,00,000",0.45,0.55,0.7,0.3,70000000.0,13800000.0,Disaster
My Father Iqbal,2016,O C T,21,Suzad Iqbal Khan,"Narendra Jha, Komal Thacker, Paresh Mehta","Drama, Family",,--,"3,40,000","3,40,000",0.0,1.0,0.6,0.4,0.0,340000.0,
Shivaay,2016,O C T,28,Ajay Devgn,"Ajay Devgn, Sayyeshaa, Erika Kaar, Ali Kazmi, Jabbz Farooqi, Vir Das, Bijou Thaangjam",Drama/action,"Reliance Entertainment, Pen Studios, NH Studioz, Ajay Devgn FFilms","1,03,00,00,000","1,11,73,00,000","1,24,14,55,000",0.74,0.26,0.58,0.42,1030000000.0,1117300000.0,Flop
Ae Dil Hai Mushkil,2016,O C T,28,Karan Johar,"Ranbir Kapoor, Aishwarya Rai, Anushka Sharma",Drama,"Fox Star Studios, Dharma Productions","98,00,00,000","1,47,66,00,000","2,29,56,22,500",0.68,0.32,0.64,0.36,980000000.0,1476600000.0,Hit
Chaar Sahibzaade: Rise of Banda Singh Bahadur,2016,N O V,11,Harry Baweja,Harman Baweja,Animation,,--,"4,90,00,000","8,97,00,000",0.78,0.22,,,0.0,49000000.0,
Dongri Ka Raja,2016,N O V,11,Hadi Ali Abrar,"Gashmeer Mahajani, Reecha Sinha, Ronit Roy, Sachin Suvarna, Ashmit Patel",Action/thriller,,--,"73,00,000","73,00,000",0.0,1.0,0.4,0.6,0.0,7300000.0,
Ishq Junoon,2016,N O V,11,Sanjay Sharma,"Rajbeer Singh, Akshay Rangshahi, Divya Singh, Raj Aryan",Romantic/erotic,,--,"99,00,000","99,00,000",0.0,1.0,0.0,1.0,0.0,9900000.0,
Rock On 2,2016,N O V,11,Sujaat Saudagar,"Farhan Akhtar, Arjun Rampal, Purab Kohli, Shraddha Kapoor, Prachi Desai, Shashank Arora, Shahana Goswami",Drama,"Eros International, Excel Entertainment","45,00,00,000","14,41,00,000","17,76,00,000",0.48,0.52,0.45,0.55,450000000.0,144100000.0,Flop
Tum Bin II,2016,N O V,18,Anubhav Sinha,"Neha Sharma, Aditya Seal, Aashim Gulati",Romance,"T-Series Films, Benaras Mediaworks","14,40,00,000","6,05,00,000","6,80,00,000",0.67,0.33,,,144000000.0,60500000.0,Flop
Force 2,2016,N O V,18,Abhinay Deo,"John Abraham, Sonakshi Sinha, Tahir Raj Bhasin",Action,"Viacom 18 Motion Pictures, JA Entertainment, Cinema Capital Venture Fund, Sunshine Pictures","41,00,00,000","44,20,00,000","52,60,62,500",0.68,0.32,0.6599999999999999,0.34,410000000.0,442000000.0,Flop
Dear Zindagi,2016,N O V,25,Gauri Shinde,"Alia Bhatt, Shah Rukh Khan, Ira Dubey, Kunal Kapoor",Drama,"Reliance Entertainment, Red Chillies Entertainment, Dharma Productions, Hope Productions","46,00,00,000","91,82,00,000","1,38,91,37,500",0.65,0.35,0.71,0.29,460000000.0,918200000.0,Hit
Kahaani 2: Durga Rani Singh,2016,D E C,2,Sujoy Ghosh,"Vidya Balan, Arjun Rampal, Jugal Hansraj",Thriller,"Pen Studios, Boundscript","33,00,00,000","45,10,00,000","55,94,00,000",0.58,0.42,,,330000000.0,451000000.0,Hit
Befikre,2016,D E C,9,Aditya Chopra,"Ranveer Singh, Vaani Kapoor",Romance,Yash Raj Films,"64,00,00,000","83,40,00,000","1,03,98,75,000",0.51,0.49,0.52,0.48,640000000.0,834000000.0,Average
Wajah Tum Ho,2016,D E C,16,Vishal Pandya,"Sana Khan, Sharman Joshi, Gurmeet Choudhary, Rajneesh Duggal",Romance/drama,T-Series Films,"14,00,00,000","13,57,00,000","13,57,00,000",0.71,0.29,0.5,0.5,140000000.0,135700000.0,Flop
Dangal,2016,D E C,23,Nitesh Tiwari,"Aamir Khan, Sakshi Tanwar, Fatima Sana Shaikh, Sanya Malhotra, Zaira Wasim",Biopic,"Walt Disney Pictures, UTV Motion Pictures, Aamir Khan Productions","1,32,00,00,000","4,95,25,00,000","7,02,47,50,000",0.76,0.24,0.79,0.21,1320000000.0,4952500000.0,Superhit / Blockbuster
Haraamkhor,2017,J A N,13,Shlok Sharma,"Nawazuddin Siddiqui, Shweta Tripathi","Comedy, Crime","Sikhya Entertainment, Khusro Films","2,25,00,000","2,27,00,000","2,27,00,000",0.0,1.0,0.5900000000000001,0.41,22500000.0,22700000.0,Disaster
Ok Jaanu,2017,J A N,13,Shaad Ali,"Aditya Roy Kapur, Shraddha Kapoor","Romance, Drama","Fox Star Studios, Madras Talkies, Dharma Productions","27,00,00,000","29,75,00,000","37,50,20,000",0.77,0.23,0.5900000000000001,0.41,270000000.0,297500000.0,Flop
Coffee with D,2017,J A N,20,Vishal Mishra,"Sunil Grover, Anjana Sukhani, Zakir Hussain, Dippanita Sharma","Comedy, Crime",Apex Entertainment,"8,00,00,000","72,00,000","72,00,000",0.3,0.7,0.51,0.49,80000000.0,7200000.0,Disaster
Kaabil,2017,J A N,25,Sanjay Gupta,"Hrithik Roshan, Yami Gautam, Rohit Roy, Ronit Roy","Action, Thriller",Filmkraft Productions Pvt. Ltd,"89,00,00,000","1,19,97,00,000","1,54,51,40,000",0.78,0.22,0.6799999999999999,0.32,890000000.0,1199700000.0,Average
Raees,2017,J A N,25,Rahul Dholakia,"Shah Rukh Khan, Mahira Khan, Nawazuddin Siddiqui, Mohammed Zeeshan Ayyub","Crime, Action","Red Chillies Entertainment, Excel Entertainment","1,27,00,00,000","1,76,64,00,000","2,72,52,00,000",0.76,0.24,0.67,0.33,1270000000.0,1766400000.0,Hit
Hind Ka Napak Ko Jawab: MSG Lion Heart 2,2017,F E B,10,"Gurmeet Ram Rahim Singh, Honeypreet Insan","Gurmeet Ram Rahim Singh, Honeypreet Insan","Action, Drama",Hakikat Entertainment Pvt. Ltd.,"12,00,00,000","10,71,00,000","10,71,00,000",0.4,0.6,0.6,0.4,120000000.0,107100000.0,Flop
Jolly LLB 2,2017,F E B,10,Subhash Kapoor,"Akshay Kumar, Huma Qureshi, Saurabh Shukla",Drama,Fox Star Studios,"83,00,00,000","1,49,58,00,000","1,82,73,42,500",0.77,0.23,0.6900000000000001,0.31,830000000.0,1495800000.0,Hit
The Great Leader Kanshiram,2017,F E B,10,Arjun Singh,"Raghvendra Singh, Soma Goyal",Biopic,Arjun Singh Films,"45,00,000","75,000","75,000",0.36,0.64,,,4500000.0,75000.0,Disaster
Running Shaadi,2017,F E B,17,Amit Roy,"Taapsee Pannu, Amit Sadh",Comedy,"Crouching Tiger Motion Pictures, Rising Sun Films","8,50,00,000","1,34,00,000","1,34,00,000",0.0,1.0,0.62,0.38,85000000.0,13400000.0,Disaster
The Ghazi Attack,2017,F E B,17,Sankalp Reddy,"Rana Daggubati, Taapsee Pannu, Kay Kay Menon, Atul Kulkarni",Action,"Dharma Productions, Matinee Entertainment, PVP Cinema","16,00,00,000","28,00,00,000","34,53,25,000",0.5161,0.484,,,160000000.0,280000000.0,Hit
Irada,2017,F E B,17,Aparnaa Singh,"Naseeruddin Shah, Arshad Warsi, Sharad Kelkar, Divya Dutta","Thriller, Drama",Irada Entertainment,"7,50,00,000","1,12,00,000","1,12,00,000",0.76,0.24,0.7,0.3,75000000.0,11200000.0,Disaster
Chauhar,2017,F E B,17,Raghubeer Singh,"Amit Singh Kashyap, Richa Dixit, Vivek Jha",Romance,Dinkar's Film Productions,--,"4,87,500","4,87,500",0.0,1.0,,,0.0,487500.0,
Rangoon,2017,F E B,24,Vishal Bhardwaj,"Kangana Ranaut, Shahid Kapoor, Saif Ali Khan","War, Drama","Viacom 18 Motion Pictures, Nadiadwala Grandson Entertainment, Vishal Bhardwaj Pictures","61,00,00,000","28,82,00,000","40,50,12,500",0.65,0.35,0.61,0.39,610000000.0,288200000.0,Flop
Wedding Anniversary,2017,F E B,24,Shekhar S Jha,"Nana Patekar, Mahie Gill, Priyanshu Chatterjee, Shruti Marathe","Romance, Thriller",V K Productions,--,"25,25,000","25,25,000",0.64,0.36,0.3,0.7,0.0,2525000.0,
Mona Darling,2017,F E B,24,Shashi Sudigala,"Anshuman Jha, Divya Menon, Suzanna Mukherjee, Sanjay Suri",Thriller,First Ray Films,--,"13,25,000","13,25,000",0.61,0.39,0.4,0.6,0.0,1325000.0,
Commando 2,2017,M A R,3,Deven Bhojani,"Vidyut Jammwal, Adah Sharma, Esha Gupta",Action,"Pen Studios, Sunshine Pictures","26,00,00,000","30,03,00,000","34,03,50,000",0.69,0.31,0.7,0.3,260000000.0,300300000.0,Flop
Jeena Isi Ka Naam Hai,2017,M A R,3,Keshhav Panneriy,"Arbaaz Khan, Ashutosh Rana, Himansh Kohli","Romance, Drama",Bibia Films Pvt. Ltd.,--,"31,50,000","31,50,000",0.0,1.0,0.2,0.8,0.0,3150000.0,
Badrinath Ki Dulhania,2017,M A R,10,Shashank Khaitan,"Varun Dhawan, Alia Bhatt, Sahil Vaid, Rituraj Singh","Romance, Comedy","Fox Star Studios, Dharma Productions","44,00,00,000","1,58,57,00,000","1,94,81,52,500",0.74,0.26,0.64,0.36,440000000.0,1585700000.0,Superhit / Blockbuster
Aa Gaya Hero,2017,M A R,17,Dipankar Senapati,"Govinda, Ashutosh Rana, Murali Sharma","Action, Comedy",Mangal Tara T.V & Films,"8,50,00,000","1,39,00,000","1,39,00,000",0.0,1.0,,,85000000.0,13900000.0,Disaster
Trapped,2017,M A R,17,Vikramaditya Motwane,"Rajkummar Rao, Geetanjali Thapa, Khushboo Upadhyay","Drama, Thriller",Phantom Films,"5,00,00,000","3,53,00,000","3,53,00,000",0.64,0.36,0.6900000000000001,0.31,50000000.0,35300000.0,Flop
Mantra,2017,M A R,17,Nicholas Kharkongor,"Rajat Kapoor, Lushin Dubey, Kalki Koechlin, Shiv Panditt, Adil Hussain","Drama, Family","Nikhil Chaudhary, Filmart Productions, North East Films, Shri Production, Zenyth Media House",--,"5,00,000","5,00,000",0.0,1.0,0.73,0.27,0.0,500000.0,
Machine,2017,M A R,17,Abbas–Mustan,"Mustafa Burmawalla, Kiara Advani","Romance, Thriller","Pen India Limited, Aid Films, Abbas-Mustan Productions","30,00,00,000","3,19,00,000","3,48,47,500",0.56,0.44,0.39,0.61,300000000.0,31900000.0,Flop
Phillauri,2017,M A R,24,Anshai Lal,"Anushka Sharma, Diljit Dosanjh, Suraj Sharma, Mehreen Pirzada","Romance, Comedy","Fox Star Studios, Clean Slate Films","29,00,00,000","34,49,00,000","46,60,75,000",0.73,0.27,0.62,0.38,290000000.0,344900000.0,Average
Anaarkali of Aarah,2017,M A R,24,Avinash Das,Swara Bhaskar,Drama,Promodome Motion Pictures,"5,75,00,000","1,48,00,000","1,48,00,000",0.0,1.0,0.67,0.33,57500000.0,14800000.0,Disaster
Naam Shabana,2017,M A R,31,Shivam Nair,"Taapsee Pannu, Prithviraj Sukumaran & Akshay Kumar",Action/thriller,"T-Series Films, Cape Of Good Films, Reliance Entertainment, Friday Filmworks","33,00,00,000","49,75,00,000","55,99,00,000",0.63,0.37,0.58,0.42,330000000.0,497500000.0,Hit
Poorna: Courage Has No Limit,2017,M A R,31,Rahul Bose,"Aditi Inamdar, Rahul Bose & Heeba Shah",Adventure,"PVR Pictures, Rahul Bose Productions","3,75,00,000","3,71,00,000","3,71,00,000",0.56,0.44,,,37500000.0,37100000.0,Flop
Laali Ki Shaadi Mein Laaddoo Deewana,2017,A P R,7,Manish Harishankar,"Vivaan Shah, Akshara Haasan, Gurmeet Choudhary & Kavita Verma",Romance/drama,Star Entertainment Worldwide,--,"1,23,00,000","1,23,00,000",0.0,1.0,0.0,1.0,0.0,12300000.0,
Mirza Juuliet,2017,A P R,7,Rajesh Ram Singh,"Darshan Kumar, Pia Bajpai & Chandan Roy Sanyal",Romance/action,"Green Apple Media, Falansha Media Private Limited, Shemaroo Entertainment",--,"95,00,000","95,00,000",0.0,1.0,0.5,0.5,0.0,9500000.0,
Mukti Bhawan,2017,A P R,7,Shubhashish Bhutiani,"Adil Hussain, Lalit Behl & Navnindra Behl",Drama,Red Carpet Moving Pictures,--,"74,00,000","74,00,000",0.55,0.45,,,0.0,7400000.0,
Begum Jaan,2017,A P R,14,Srijit Mukherji,"Vidya Balan, Ila Arun, Gauahar Khan, Sumit Nijhawan & Chunky Pandey",Period drama,"Vishesh Films, Shree Venkatesh Films, Play Entertainments","19,00,00,000","27,77,00,000","30,61,90,000",0.68,0.32,0.6,0.4,190000000.0,277700000.0,Hit
Romeo-N-Bullet,2017,A P R,14,Aditya Kumar,"Vije Bhatia, Rishi Verma, Mohit Baisla, Raj Kumar",Romance,Jay Shree Ram Productions,--,"5,00,000","5,00,000",0.0,1.0,,,0.0,500000.0,
Noor,2017,A P R,21,Sunhil Sippy,"Sonakshi Sinha, Purab Kohli & Manish Chaudhary",Comedy/drama,"T-Series Films, Abundantia Entertainment","24,00,00,000","9,32,00,000","11,84,52,500",0.72,0.28,0.45,0.55,240000000.0,93200000.0,Flop
Ek Thi Rani Aisi Bhi,2017,A P R,21,Gulbahar Singh,"Hema Malini, Vinod Khanna, Sachin Khedekar",Biopic,Rajmata Vijayaraje Scindia Smirit Trust,"40,00,000","8,75,000","8,75,000",0.0,1.0,,,4000000.0,875000.0,Disaster
Maatr,2017,A P R,21,Ashtar Sayed,Raveena Tandon,Thriller/drama,CDB Musical Production,"8,50,00,000","1,62,00,000","1,62,00,000",0.69,0.31,0.65,0.35,85000000.0,16200000.0,Disaster
Ajab Singh Ki Gajab Kahani,2017,A P R,21,Rishi Prakash Mishra,"Yashpal Sharma, Ajay Kumar Singh, Rajesh Jais",Thriller/drama,"Shree Triveni Films International, Basmati Creations","3,00,00,000","1,75,00,000","1,75,00,000",0.53,0.47,0.5,0.5,30000000.0,17500000.0,Disaster
Mantostaan,2017,M A Y,5,Rahat Kazmi,"Raghubir Yadav, Virendra Saxena & Sonal Sehgal",Anthology/drama,"Rahat Kazmi Films, Tariq Kan Productions, Aaditya Pratap Singh Entertainments",--,"3,25,000","3,25,000",0.0,1.0,0.6,0.4,0.0,325000.0,
Meri Pyaari Bindu,2017,M A Y,12,Akshay Roy,Ayushmann Khurrana & Parineeti Chopra,Romance,Yash Raj Films,"22,00,00,000","12,76,00,000","17,79,10,000",0.75,0.25,0.61,0.39,220000000.0,127600000.0,Flop
Sarkar 3,2017,M A Y,12,Ram Gopal Varma,"Amitabh Bachchan, Jackie Shroff, Amit Sadh & Yami Gautam",Political crime thriller,"Eros International, Wave Cinemas, Raju Chadha Films, Alumbra Entertainment, A Company Product, Amitabh Bachchan Corporation","36,00,00,000","13,83,00,000","20,53,80,000",0.67,0.33,0.55,0.45,360000000.0,138300000.0,Flop
Half Girlfriend,2017,M A Y,19,Mohit Suri,Arjun Kapoor & Shraddha Kapoor,Romance/drama,"Balaji Motion Pictures, Chetan Bhagat Entertainment, ALT Entertainment","58,00,00,000","72,36,00,000","86,47,55,000",0.63,0.37,0.65,0.35,580000000.0,723600000.0,Average
Jattu Engineer,2017,M A Y,19,"Gurmeet Ram Rahim Singh, Honeypreet Insan","Gurmeet Ram Rahim Singh, Sukhottam Insan",Comedy,Hakikat Entertainment Pvt. Ltd.,"9,00,00,000","9,83,00,000","9,97,24,500",0.3,0.7,0.6,0.4,90000000.0,98300000.0,Flop
Hindi Medium,2017,M A Y,19,Saket Chaudhary,Irrfan Khan & Saba Qamar,Comedy/drama,"T-Series Films, Maddock Films","23,00,00,000","77,61,00,000","91,85,50,000",0.78,0.22,0.73,0.27,230000000.0,776100000.0,Superhit / Blockbuster
Sachin: A Billion Dreams,2017,M A Y,26,James Erskine,Sachin Tendulkar,Biopic,200 NotOut Productions,"39,00,00,000","70,68,00,000","74,56,00,000",0.78,0.22,0.74,0.26,390000000.0,706800000.0,Hit
A Death in the Gunj,2017,J U N,2,Konkona Sen Sharma,"Vikrant Massey, Ranvir Shorey, Kalki Koechlin, Tillotama Shome, Gulshan Devaiah, Tanuja, Om Puri, Jim Sarbh, Arya Mitra Sharma",Crime/drama,"PVR Pictures, Studioz IDrream, MacGuffin Pictures",--,"1,37,00,000","1,37,00,000",0.68,0.32,,,0.0,13700000.0,
Hanuman: Da' Damdaar,2017,J U N,2,Ruchi Narain,"Salman Khan, Raveena Tandon & Kunal Khemu",Animation,R.A.T Films (IP: Percept Pictures),"2,60,00,000","1,55,00,000","1,55,00,000",0.71,0.29,0.58,0.42,26000000.0,15500000.0,Disaster
Sweetiee Weds NRI,2017,J U N,2,Hasnain Hyderabadwala,"Himansh Kohli, Zoya Afroz & Darshan Jariwala",Romance/comedy,"Asmiy Entertainment, Grand Motion Picture",--,"19,50,000","19,50,000",0.68,0.32,0.35,0.65,0.0,1950000.0,
Dobaara: See Your Evil,2017,J U N,2,Prawaal Raman,Huma Qureshi & Saqib Saleem,Horror,"Relativity Media, Intrepid Pictures, B4U Films, Zahhak Films","10,00,00,000","1,89,00,000","1,89,00,000",0.51,0.49,0.47,0.53,100000000.0,18900000.0,Disaster
Dear Maya,2017,J U N,2,Sunaina Bhatnagar,Manisha Koirala,Thriller/drama,"Wave Cinemas, Bake My Cake Films","2,64,00,000","22,00,000","22,00,000",0.75,0.25,0.65,0.35,26400000.0,2200000.0,Disaster
Raabta,2017,J U N,9,Dinesh Vijan,"Sushant Singh Rajput, Kriti Sanon & Jim Sarbh",Romance/thriller,"T-Series Films, Maddock Films","47,00,00,000","29,94,00,000","33,69,86,250",0.55,0.45,0.6,0.4,470000000.0,299400000.0,Flop
Behen Hogi Teri,2017,J U N,9,Ajay K Pannalal,Rajkummar Rao & Shruti Haasan,Romance/comedy,OddBall Motion Pictures,"13,00,00,000","3,06,00,000","3,06,00,000",0.71,0.29,0.61,0.39,130000000.0,30600000.0,Flop
G Kutta Se,2017,J U N,9,Rahul Dahiya,Rajbeer Singh & Neha Chauhan,Drama,SFE International Full Frame Entertainment Pvt. Ltd.,--,"9,00,000","9,00,000",0.56,0.44,0.55,0.45,0.0,900000.0,
Bank Chor,2017,J U N,16,Bumpy,"Riteish Deshmukh, Vivek Oberoi & Rhea Chakraborty",Comedy/Thriller,Y-Films,"15,00,00,000","9,85,00,000","9,85,00,000",0.64,0.36,0.5,0.5,150000000.0,98500000.0,Flop
Tubelight,2017,J U N,23,Kabir Khan,"Salman Khan, Sohail Khan & Zhu Zhu",Action/drama,"Salman Khan Films, Kabir Khan Films","1,35,00,00,000","1,56,39,00,000","2,07,99,00,000",0.69,0.31,0.54,0.46,1350000000.0,1563900000.0,Flop
Ek Haseena Thi Ek Deewana Tha,2017,J U N,30,Suneel Darshan,"Shiv Darshan, Natasha Fernandez & Upen Patel",Romance,Shree Krishna International,"14,00,00,000","1,67,00,000","1,67,00,000",0.67,0.33,0.5,0.5,140000000.0,16700000.0,Disaster
Mom,2017,J U L,7,Ravi Udyawar,"Sridevi, Akshaye Khanna, Sajal Ali & Nawazuddin Siddiqui",Thriller/drama,"Zee Studios, BSK Network & Entertainment, MAD Films, Naresh Agarwal Films, Third Eye Pictures","37,00,00,000","41,61,00,000","56,57,40,000",0.7,0.3,0.76,0.24,370000000.0,416100000.0,Flop
Guest iin London,2017,J U L,7,Ashwni Dhir,"Kartik Aaryan, Kriti Kharbanda, Paresh Rawal & Tanvi Azmi",Comedy,Panorama Studios,"28,00,00,000","10,64,00,000","10,64,00,000",0.3,0.7,0.53,0.47,280000000.0,106400000.0,Flop
Jagga Jasoos,2017,J U L,14,Anurag Basu,Ranbir Kapoor & Katrina Kaif,Comedy/romance,"Walt Disney Pictures, UTV Motion Pictures, Picture Shuru Entertainment, Ishana Movies","1,31,00,00,000","69,31,00,000","86,85,72,500",0.65,0.35,0.61,0.39,1310000000.0,693100000.0,Flop
Shab,2017,J U L,14,Onir,"Raveena Tandon, Sanjay Suri, Ashish Bisht, Arpita Pal, Simon Frenay, Raj Suri, Gaurav Nanda",Drama,"WSG Pictures, Anticlock Films","9,50,00,000","7,89,00,000","10,70,12,500",0.56,0.44,,,95000000.0,78900000.0,Flop
Lipstick Under My Burkha,2017,J U L,21,Alankrita Shrivastava,"Konkona Sen Sharma, Ratna Pathak Shah & Aahana Kumra",Sex/drama,"ALT Entertainment, Prakash Jha Productions, Balaji Motion Pictures","7,00,00,000","21,56,00,000","21,56,00,000",0.5,0.5,0.6799999999999999,0.32,70000000.0,215600000.0,Superhit / Blockbuster
Munna Michael,2017,J U L,21,Sabbir Khan,"Tiger Shroff, Nawazuddin Siddiqui & Nidhi Agerwal",Action/romance,"Eros International, Next Gen Films","41,00,00,000","45,68,00,000","48,28,00,000",0.66,0.34,0.61,0.39,410000000.0,456800000.0,Flop
Raag Desh,2017,J U L,28,Tigmanshu Dhulia,"Kunal Kapoor, Amit Sadh & Mohit Marwah",Period drama/action,Rajya Sabha TV,"95,00,000","1,18,00,000","1,18,00,000",0.6,0.4,0.77,0.23,9500000.0,11800000.0,Disaster
Indu Sarkar,2017,J U L,28,Madhur Bhandarkar,"Anupam Kher, Neil Nitin Mukesh, Kirti Kulhari, Tota Roy Chowdhury, Supriya Vinod, Sheeba Chaddha, Parvin Dabas",Drama,Bharat Shah,"12,00,00,000","6,07,00,000","6,07,00,000",0.4,0.6,0.58,0.42,120000000.0,60700000.0,Flop
Mubarakan,2017,J U L,28,Anees Bazmee,"Anil Kapoor, Arjun Kapoor, Ileana D'Cruz, Neha Sharma & Athiya Shetty",Comedy/romance,"Sony Pictures Networks Productions, Cine1 Studios, Mark Production","65,00,00,000","71,01,00,000","89,93,30,000",0.5,0.5,0.63,0.37,650000000.0,710100000.0,Flop
Gurgaon,2017,A U G,4,Shanker Raman,"Akshay Oberoi, Ragini Khanna, Pankaj Tripathi, Aamir Bashir, Shalini Vatsa, Srinivas Sunderrajan",Neo-noir,"Hashtag Film Studios, M R Filmworks, JAR Pictures",--,"29,00,000","29,00,000",0.0,1.0,0.49,0.51,0.0,2900000.0,
Jab Harry Met Sejal,2017,A U G,4,Imtiaz Ali,"Shah Rukh Khan, Anushka Sharma, Evelyn Sharma & Chandan Roy Sanyal",Romance,Red Chillies Entertainment,"1,19,00,00,000","80,11,00,000","1,47,75,80,000",0.65,0.35,0.65,0.35,1190000000.0,801100000.0,Flop
Toilet: Ek Prem Katha,2017,A U G,11,Shree Narayan Singh,"Akshay Kumar, Bhumi Pednekar, Divyendu Sharma, Anupam Kher, Sana Khan",Comedy/drama,"Viacom 18 Motion Pictures, KriArj Entertainment, Plan C Studios, Cape of Good Films","18,00,00,000","186,42,00,000","308,02,00,000",0.6,0.4,,,180000000.0,1864200000.0,Superhit / Blockbuster
Partition: 1947,2017,A U G,18,Gurinder Chadha,"Hugh Bonneville, Gillian Anderson, Manish Dayal, Huma Qureshi, Michael Gambon",Drama,"IFC Films, Pathé, Reliance Entertainment, BBC Films, Ingenious Media, British Film Institute, Bend It Films","74,72,00,000","104,61,00,000","104,61,00,000",0.73,0.27,,,747200000.0,1046100000.0,Hit
Bareilly Ki Barfi,2017,A U G,18,Ashwini Iyer Tiwari,"Ayushmann Khurrana, Rajkummar Rao, Kriti Sanon",Comedy/romance,"Junglee Pictures, BR Studios","20,00,00,000","44,08,00,000","54,89,60,000",0.75,0.25,0.67,0.33,200000000.0,440800000.0,Superhit / Blockbuster
Shreelancer,2017,A U G,18,Sandeep Mohan,"Arjun Radhakrishnan, Salmin Sheriff",Drama,"Tiranga Pictures, The Great Indian Travelling Cinema",--,"5,50,000","5,50,000",0.0,1.0,1.0,0.0,0.0,550000.0,
A Gentleman,2017,A U G,25,Raj and D.K.,"Sidharth Malhotra, Jacqueline Fernandez, Darshan Kumar, Suniel Shetty",Action/romance,"Fox Star Studios, d2r Films","67,00,00,000","22,93,00,000","33,49,00,000",0.61,0.39,0.6,0.4,670000000.0,229300000.0,Flop
Babumoshai Bandookbaaz,2017,A U G,25,Kushan Nandy,"Nawazuddin Siddiqui, Bidita Bag, Jatin Goswami, Shraddha Das, Anil George, Bhagwan Tiwari, Jeetu Shivhare, Murali Sharma, Divya Dutta, Sachin Chaubey",Action,Movies By The Mob & KNKSPL,"10,00,00,000","12,62,00,000","12,62,00,000",0.5,0.5,0.63,0.37,100000000.0,126200000.0,Average
Qaidi Band,2017,A U G,25,Habib Faisal,"Aadar Jain, Anya Singh, Sachin, Prince Parvinder Singh",Musical/drama,Yash Raj Films,"21,00,00,000","45,00,000","45,00,000",0.63,0.37,0.6,0.4,210000000.0,4500000.0,Disaster
Baadshaho,2017,S E P,1,Milan Luthria,"Ajay Devgn, Emraan Hashmi, Vidyut Jammwal, Ileana D'Cruz, Esha Gupta, Sanjay Mishra, Sunny Leone Guest appearance in song, Sharad Kelkar, Ravi Kale",Action/crime Thriller,"Mangal Murti Films, Cinekorn Entertainment, T-Series Films, Vertex Motion Pictures","90,00,00,000","84,67,00,000","1,01,18,20,000",0.71,0.29,0.58,0.42,900000000.0,846700000.0,Flop
Shubh Mangal Saavdhan,2017,S E P,1,R. S. Prasanna,"Ayushmann Khurrana, Bhumi Pednekar, Brijendra Kala, Shubhankar Tripathi, Anshul Chauhan, Anmol Bajaj",Drama/Comedy,"Eros International, Colour Yellow Productions","25,00,00,000","54,23,00,000","64,02,20,000",0.65,0.35,0.65,0.35,250000000.0,542300000.0,Superhit / Blockbuster
Poster Boys,2017,S E P,8,Shreyas Talpade,"Sunny Deol, Shreyas Talpade, Bobby Deol, Sonali Kulkarni, Randheer Rai, Dilip Prabhavalkar, Elli AvrRam Special Appearance In A Song, Samiksha Bhatnagar, Bharati Achrekar",Comedy,"Sony Pictures Networks Productions, Sunny Sounds, Affluence Movies","27,00,00,000","15,00,00,000","17,08,81,250",0.3,0.7,0.51,0.49,270000000.0,150000000.0,Flop
Daddy,2017,S E P,8,Ashim Ahluwalia,"Arjun Rampal, Aishwarya Rajesh, Nishikant Kamat, Anand Ingale, Rajesh Shringarpure, Purnanand Wandekar, Anupriya Goenka, Shruti Bapna, Usha Naik, Shrikant Yadav, Deepak Damle, Raj Arjun, Vijay Sanap, Abhimanyu Arun",Crime/drama,Kundalini Entertainment,"13,00,00,000","6,03,00,000","6,37,30,000",0.0,1.0,0.5900000000000001,0.41,130000000.0,60300000.0,Flop
Simran,2017,S E P,15,Hansal Mehta,"Kangana Ranaut, Sohum Shah, Hiten Kumar, Kishori Shahane, Rupinder Nagra",Drama,"T-Series Films, Karma Features, Adarsh Telemedia, Paramhans Creations","28,00,00,000","19,18,00,000","26,30,25,000",0.67,0.33,0.49,0.51,280000000.0,191800000.0,Flop
Lucknow Central,2017,S E P,15,Ranjit Tiwari,"Farhan Akhtar, Diana Penty, Deepak Dobriyal, Gippy Grewal, Ronit Roy, Inaamulhaq, Rajesh Sharma",Drama,"Viacom 18 Motion Pictures, Emmay Entertainment","30,00,00,000","14,86,00,000","17,93,56,250",0.64,0.36,0.64,0.36,300000000.0,148600000.0,Flop
Patel Ki Punjabi Shaadi,2017,S E P,15,Sanjay Chhel,"Rishi Kapoor, Paresh Rawal, Vir Das, Prem Chopra, Payal Ghosh, Jinal Belani, Divya Seth, Bharati Achrekar, Tiku Talsania",Comedy/drama,"Bholenath Movies, Cinekorn Entertainment","11,00,00,000","2,05,00,000","2,53,56,250",0.0,1.0,0.67,0.33,110000000.0,20500000.0,Disaster
Newton,2017,S E P,22,Amit Masurkar,"Rajkummar Rao, Pankaj Tripathi, Anjali Patil, Raghuvir Yadav",Dark comedy,"Eros International, Drishyam Films, Colour Yellow Productions","10,00,00,000","29,12,00,000","29,12,00,000",0.69,0.31,0.71,0.29,100000000.0,291200000.0,Superhit / Blockbuster
Bhoomi,2017,S E P,22,Omung Kumar,"Sanjay Dutt, Aditi Rao Hydari, Sidhant Gupta",Action/drama,"T-Series Films, Legend Studios","31,00,00,000","12,03,00,000","15,37,75,000",0.3,0.7,0.6,0.4,310000000.0,120300000.0,Flop
Haseena Parkar,2017,S E P,22,Apoorva Lakhia,"Shraddha Kapoor, Sharman Joshi, Siddhanth Kapoor, Rajesh Tailang, Satendra Bagasi, Ankur Bhatia",Biographic,Swiss Entertainment,"18,00,00,000","8,45,00,000","9,06,75,000",0.58,0.42,0.53,0.47,180000000.0,84500000.0,Flop
Judwaa 2,2017,S E P,29,David Dhawan,"Varun Dhawan, Jacqueline Fernandez, Vikas Verma, Taapsee Pannu, Anupam Kher, Sachin Khedekar, Upasana Singh, Rajpal Yadav, Pavan Malhotra, Ali Asgar, Vivan Bhatena, Johnny Lever, Rajat Rawail, Salman Khan (cameo)",Action/comedy,"Fox Star Studios, Nadiadwala Grandson Entertainment","63,00,00,000","1,69,39,00,000","2,06,64,77,500",0.64,0.36,0.55,0.45,630000000.0,1693900000.0,Superhit / Blockbuster
ISIS: Enemies of Humanity,2017,S E P,29,Yuvraj Kumar,"Yuvraj Kumar, Harish Bhimani, Rasheed Naz, Rahul Dev","Action, Drama, Thriller, War",Atlantic Films,,"9,00,000","9,00,000",0.0,1.0,0.0,1.0,0.0,900000.0,
Tu Hai Mera Sunday,2017,O C T,6,Milind Dhaimade,Barun Sobti & Vishal Malhotra,Romantic comedy,Love & Faith,--,"24,50,000","24,50,000",0.0,1.0,,,0.0,2450000.0,
Chef,2017,O C T,6,Raja Krishna Menon,"Saif Ali Khan, Padmapriya Janakiraman & Dhanish Karthik",Comedy,"T-Series Films, Abundantia Entertainment, Bandra West Pictures","31,00,00,000","8,07,00,000","10,54,95,000",0.67,0.33,0.53,0.47,310000000.0,80700000.0,Flop
Babuji Ek Ticket Bambai,2017,O C T,6,Arvind Tripathi,"Rajpal Yadav, Sudha Chandran, Bharati Sharma, Milind Gunaji",Social drama,Harikripa Films,"5,00,00,000",,,0.0,1.0,0.0,1.0,50000000.0,0.0,Disaster
Main Terrorist Nahi Hoon,2017,O C T,6,Arjin Uppal,"Gulshan Grover, Rahul Dev, Afiq Muiz, Chacha Maembong, Farida Jalal",Action,,,,,0.0,1.0,,,0.0,0.0,
Ranchi Diaries,2017,O C T,13,Sattwik Mohanty,"Jimmy Sheirgill, Taaha Shah & Himansh Kohli",Drama/thriller,Coconut Motion Pictures,"4,25,00,000","1,11,00,000","1,11,00,000",0.0,1.0,,,42500000.0,11100000.0,Disaster
Secret Superstar,2017,O C T,19,Advait Chandan,"Zaira Wasim, Meher Vij & Aamir Khan",Musical drama,"Zee Studios, Aamir Khan Productions","45,00,00,000","81,00,00,000","1,22,53,50,000",0.69,0.31,0.73,0.27,450000000.0,810000000.0,Hit
Golmaal Again,2017,O C T,20,Rohit Shetty,"Ajay Devgn, Parineeti Chopra, Tabu, Arshad Warsi, Tusshar Kapoor, Shreyas Talpade, Kunal Khemu, Prakash Raj, Rohit KaduDeshmukh and Neil Nitin Mukesh",Comedy,"Reliance Entertainment, Mangal Murti Films, Rohit Shetty Picturez","1,42,00,00,000","2,64,18,00,000","3,10,98,00,000",0.7,0.3,0.54,0.46,1420000000.0,2641800000.0,Hit
Jia aur Jia,2017,O C T,27,Howard Rosemeyer,"Kalki Koechlin, Richa Chaddha",Road film,Bluefox Motion Pictures Pvt Ltd.,"1,29,00,000","93,00,000","93,00,000",0.0,1.0,0.0,1.0,12900000.0,9300000.0,Disaster
Rukh,2017,O C T,27,Atanu Mukherjee,"Manoj Bajpayee, Smita Tambe, Kumud Mishra, Adarsh Gourav",Drama,"Eros International, Drishyam Films",--,"88,00,000","88,00,000",0.0,1.0,0.5599999999999999,0.44,0.0,8800000.0,
Ittefaq,2017,N O V,3,Abhay Chopra,"Sidharth Malhotra, Sonakshi Sinha & Akshaye Khanna",Thriller,"Red Chillies Entertainment, Dharma Productions, B.R Films","4,00,00,000","3,28,00,000","3,29,41,750",0.67,0.33,0.6900000000000001,0.31,40000000.0,32800000.0,Flop
The House Next Door,2017,N O V,3,Milind Rau,"Siddharth, Andrea Jeremiah & Atul Kulkarni",Horror,"Viacom 18 Motion Pictures, Etaki Entertainment",--,"2,31,00,000","2,31,00,000",0.57,0.43,,,0.0,23100000.0,
Ribbon,2017,N O V,3,Rakhee Sandilya,"Kalki Koechlin, Sumeet Vyas, Hitesh Malhan",Drama,Red Cart Films,"10,00,00,000","53,00,000","53,00,000",0.0,1.0,0.6900000000000001,0.31,100000000.0,5300000.0,Disaster
Shaadi Mein Zaroor Aana,2017,N O V,10,Ratnaa Sinha,"Rajkummar Rao, Kriti Kharbanda",Romance/drama,Vikrant Studios,"13,00,00,000","19,47,00,000","19,47,00,000",0.49,0.51,0.7,0.3,130000000.0,194700000.0,Hit
Qarib Qarib Singlle,2017,N O V,10,Tanuja Chandra,"Irrfan Khan, Parvathy, Brijendra Kala",Romance/comedy,"Zee Studios, Jar Pictures","17,00,00,000","21,03,00,000","21,03,00,000",0.76,0.24,0.7,0.3,170000000.0,210300000.0,Average
The Window,2017,N O V,10,VK Choudhary,"Amit Kumar Vashisth, Teena Singh & Preeti Sharma",Suspense thriller,"Adamant Pictures, Milestone Creations & Era Films",,,,0.0,1.0,,,0.0,0.0,
Aksar 2,2017,N O V,17,Ananth Narayan Mahadevan,"Zareen Khan, Gautam Rode, Abhinav Shukla, Mohit Madaan",Thriller,Siddhi Vinayak Creations,"9,00,00,000","6,36,00,000","6,36,00,000",0.67,0.33,0.5,0.5,90000000.0,63600000.0,Flop
Panchlait,2017,N O V,17,Prem Prakash Modi,"Amitosh Nagpal, Anuradha Mukherjee & Yashpal Sharma",Romantic comedy,Funtime Entertainment,--,"5,25,000","5,25,000",0.0,1.0,0.0,1.0,0.0,525000.0,
Tumhari Sulu,2017,N O V,17,Suresh Triveni,Vidya Balan & Manav Kaul,Social/Comedy,"T-Series Films, Ellipsis Entertainment","20,00,00,000","42,36,00,000","51,39,00,000",0.64,0.36,0.65,0.35,200000000.0,423600000.0,Superhit / Blockbuster
Dil Jo Na Keh Saka,2017,N O V,17,Naresh Lalwani,"Himansh Kohli, Priya Banerjee",Romantic drama,Diyas Productions,--,"17,75,000","17,75,000",0.0,1.0,0.0,1.0,0.0,1775000.0,
A Daughter's Tale Pankh,2017,N O V,17,Premraaj,"Nishigandha Wad, Mehul Buch, Sudhir Pandey",Action,Yash babu Entertainment,,"1,25,000","1,25,000",0.0,1.0,0.7,0.3,0.0,125000.0,
Julie 2,2017,N O V,24,Deepak Shivdasani,"Raai Laxmi, Ravi Kishan & Aditya Srivastava",Erotic thriller,Triumph Talkies,"8,50,00,000","3,31,00,000","3,31,00,000",0.0,1.0,0.5,0.5,85000000.0,33100000.0,Flop
Ajji,2017,N O V,24,Devashish Makhija,"Sudhir Pandey, Sushma Deshpande",Drama,Yoodlee Films,"3,50,00,000","8,50,000","8,50,000",0.0,1.0,0.64,0.36,35000000.0,850000.0,Disaster
Kadvi Hawa,2017,N O V,24,Nila Madhab Panda,"Sanjay Mishra, Ranvir Shorey, Tillotama Shome, Bupesh Singh, Ekta Sawant",Drama/disaster,Drishyam Films,"10,00,00,000","29,00,000","35,00,000",0.0,1.0,,,100000000.0,2900000.0,Disaster
Saankal,2017,N O V,28,Dedipya Joshii,"Tanima Bhattacharya, Chetan Sharma, Harish Hariaudh",Drama,Pisceann Pictures,"1,30,00,000",,,0.0,1.0,,,13000000.0,0.0,Disaster
Tera Intezaar,2017,D E C,1,Raajeev Waalia,Arbaaz Khan & Sunny Leone,Romantic thriller,Bageshree Films,"11,00,00,000","2,39,00,000","2,39,00,000",0.6,0.4,0.2,0.8,110000000.0,23900000.0,Disaster
Firangi,2017,D E C,1,Rajiv Dhingra,"Kapil Sharma, Varun Badola & Edward Sonnenblick",Comedy,K9 Films,"40,00,00,000","11,96,00,000","16,60,40,000",0.71,0.29,0.4,0.6,400000000.0,119600000.0,Flop
Fukrey Returns,2017,D E C,8,Mrighdeep Singh Lamba,"Pulkit Samrat, Priya Anand, Ali Fazal, Varun Sharma",Comedy,Excel Entertainment,"29,00,00,000","1,00,09,00,000","1,12,28,05,000",0.68,0.32,0.65,0.35,290000000.0,1000900000.0,Superhit / Blockbuster
Game Over,2017,D E C,8,Paresh Vinodray Savani,"Rajesh Sharma, Yashpal Sharma, Gurleen Chopra",Suspense/thriller,"Dream Machine, Koning Entertainment & Dream International","5,00,00,000","39,00,000","39,00,000",0.65,0.35,,,50000000.0,3900000.0,Disaster
Sallu Ki Shaadi,2017,D E C,8,Mohammad Israr Ansari,"Zeenat Aman, Kiran Kumar, Asrani, Kshayp, Arshin and Sandeep Anand",Comedy drama,"Aman Film Production, Angel's Production, Brosis Production House, Worldwide Records",--,"2,50,000","2,50,000",0.0,1.0,0.0,1.0,0.0,250000.0,
Monsoon Shootout,2017,D E C,15,Amit Kumar,"Nawazuddin Siddiqui, Vijay Varma & Tannishtha Chatterjee",Crime/thriller,"Fortissimo Films, Moving Pictures, Yaffle Films, Sikhya Entertainment, AKFPL, Fission Features, Pardesi Films, DAR Motion Pictures, Arte","12,00,00,000","90,00,000","90,00,000",0.0,1.0,0.65,0.35,120000000.0,9000000.0,Disaster
Tiger Zinda Hai,2017,D E C,22,Ali Abbas Zafar,Salman Khan & Katrina Kaif,Action/drama,Yash Raj Films,"2,10,00,00,000","4,32,43,00,000","5,65,10,20,000",0.6,0.4,0.61,0.39,2100000000.0,4324300000.0,Superhit / Blockbuster
1921,2018,J A N,12,Vikram Bhatt,"Zareen Khan, Karan Kundra, Tobby Hinston, Sonia Armstrong","Horror, Thriller, Mystery",,"15,00,00,000","19,69,00,000","22,36,75,000",0.27,0.73,0.5700000000000001,0.43,150000000.0,196900000.0,Average
Kaalakaandi,2018,J A N,12,Akshat Verma,"Saif Ali Khan, Isha Talwar, Shenaz Treasury, Akshay Oberoi, Vijay Raaz, Deepak Dobriyal, Sobhita Dhulipala, Kunaal Roy Kapur, Nary Singh","Comedy, Drama, Thriller",,"18,00,00,000","6,15,00,000","6,15,00,000",0.0,1.0,0.6599999999999999,0.34,180000000.0,61500000.0,Flop
Mukkabaaz,2018,J A N,12,Anurag Kashyap,"Vineet Kumar Singh, Zoya Hussain, Ravi Kishan, Jimmy Sheirgill","Drama, Sports, Action",,"12,00,00,000","13,67,00,000","14,94,50,000",0.53,0.47,0.76,0.24,120000000.0,136700000.0,Flop
Phir Se...,2018,J A N,15,Kunal Kohli,"Jennifer Winget, Kunal Kohli, Rajit Kapur","Romance, Drama",,,,,0.42,0.58,,,0.0,0.0,
My Birthday Song,2018,J A N,19,Samir Soni,"Sanjay Suri, Nora Fatehi, Pitobash","Thriller, Drama, Mystery",,--,"6,75,000","6,75,000",0.0,1.0,0.55,0.45,0.0,675000.0,
Vodka Diaries,2018,J A N,19,Kushal Srivastava,"Kay Kay Menon, Mandira Bedi, Raima Sen, Sharib Hashmi","Thriller, Mystery, Drama",,"7,00,00,000","1,26,00,000","1,26,00,000",0.41,0.59,0.63,0.37,70000000.0,12600000.0,Disaster
Nirdosh,2018,J A N,19,Pradeep Rangwani,"Arbaaz Khan, Manjari Fadnis, Ashmit Patel, Mukul Dev, Mahek Chahal","Thriller, Mystery, Drama",,--,"96,00,000","1,53,15,000",0.0,1.0,0.55,0.45,0.0,9600000.0,
Union Leader,2018,J A N,19,Sanjay Patel,"Rahul Bhat, Tillotama Shome","Drama, Political, Social",,"5,00,00,000","2,25,000","2,25,000",0.42,0.58,0.71,0.29,50000000.0,225000.0,Disaster
Padmaavat,2018,J A N,25,Sanjay Leela Bhansali,"Shahid Kapoor, Deepika Padukone, Ranveer Singh, Aditi Rao Hydari","Historical drama, Musical, Romance, Action",,"2,15,00,00,000","3,60,89,00,000","5,45,92,90,000",0.44,0.56,0.6900000000000001,0.31,2150000000.0,3608900000.0,Hit
Pad Man,2018,F E B,9,R. Balki,"Akshay Kumar, Sonam Kapoor, Radhika Apte","Drama, Comedy, Biographical",,"76,00,00,000","1,00,53,00,000","1,28,09,32,500",0.52,0.48,0.75,0.25,760000000.0,1005300000.0,Average
Aiyaary,2018,F E B,16,Neeraj Pandey,"Sidharth Malhotra, Manoj Bajpayee, Rakul Preet Singh, Pooja Chopra, Anupam Kher, Naseeruddin Shah","Action, Thriller, Drama",,"57,00,00,000","22,33,00,000","32,73,85,000",0.53,0.47,0.5700000000000001,0.43,570000000.0,223300000.0,Flop
Kuchh Bheege Alfaaz,2018,F E B,16,Onir,"Zain Khan Durrani, Geetanjali Thapa","Romance, Drama",,--,"7,15,000","9,20,000",0.0,1.0,0.74,0.26,0.0,715000.0,
Jaane Kyun De Yaaron,2018,F E B,16,Akshay Anand,"Raghu Raja, Abhishek Sharma, Kabir Bedi, Chetna Pande, Viju Khote","Drama, Comedy, Romance",,"4,00,00,000","4,50,000","4,50,000",0.0,1.0,0.0,1.0,40000000.0,450000.0,Disaster
Sonu Ke Titu Ki Sweety,2018,F E B,23,Luv Ranjan,"Kartik Aaryan, Nushrat Bharucha, Sunny Nijar","Comedy, Romance, Drama",,"40,00,00,000","1,28,85,00,000","1,48,05,00,000",0.53,0.47,0.65,0.35,400000000.0,1288500000.0,Superhit / Blockbuster
Pari,2018,M A R,2,Prosit Roy,"Anushka Sharma, Parambrata Chatterjee, Rajat Kapoor, Ritabhari Chakraborty, Mansi Multani","Horror, Thriller, Drama",,"17,00,00,000","24,15,00,000","32,63,25,000",0.76,0.24,0.65,0.35,170000000.0,241500000.0,Hit
Veerey Ki Wedding,2018,M A R,2,Ashu Trikha,"Pulkit Samrat, Jimmy Sheirgill, Kriti Kharbanda, Satish Kaushik, Yuvika Chaudhary, Supriya Karnik","Comedy, Romance, Drama",,"16,00,00,000","3,65,00,000","5,09,56,250",0.59,0.41,0.44,0.56,160000000.0,36500000.0,Flop
Hate Story IV,2018,M A R,9,Vishal Pandya,"Urvashi Rautela, Vivan Bhatena, Karan Wahi, Ihana Dhillon, Gulshan Grover, Tia Bajpai, Shaad Randhawa","Thriller, Drama, Romance",,"21,00,00,000","19,60,00,000","21,00,00,000",0.41,0.59,0.6799999999999999,0.32,210000000.0,196000000.0,Flop
Dil Juunglee,2018,M A R,9,Aleya Sen,"Saqib Saleem, Tapsee Pannu, Abhilash Thapleyal, Nidhi Singh, Srishti Srivastava, Ayesha Khaduskar","Romantic Comedy, Drama",,"1,00,00,000","1,47,00,000","1,95,37,500",0.46,0.54,0.7,0.3,10000000.0,14700000.0,Disaster
3 Storeys,2018,M A R,9,Arjun Mukerjee,"Richa Chaddha, Pulkit Samrat, Sharman Joshi, Renuka Shahane, Masumeh Makhija, Laksh Singh, Aisha Ahmed, Ankit Rathi","Drama, Thriller, Mystery",,"11,00,00,000","2,84,00,000","3,19,47,500",0.0,1.0,0.7,0.3,110000000.0,28400000.0,Disaster
Raid,2018,M A R,16,Raj Kumar Gupta,"Ajay Devgn, Ileana D'Cruz, Saurabh Shukla","Action, Drama, Thriller",,"72,00,00,000","1,25,66,00,000","1,45,71,95,000",0.47,0.53,0.72,0.28,720000000.0,1256600000.0,Hit
Hichki,2018,M A R,23,Siddharth P Malhotra,Rani Mukerji,"Drama, Comedy, Inspirational",,"20,00,00,000","59,13,00,000","76,99,65,000",0.59,0.41,0.76,0.24,200000000.0,591300000.0,Superhit / Blockbuster
Shaadi Teri Bajayenge Hum Band,2018,M A R,23,Gurpreet Sondh,"Rajpal Yadav, Mushtaq Khan, Rahul Bagga, Rohit Kumar, Dilbagh Singh, Naresh Gosain, Afreen Alvi, Radha Bhatt","Comedy, Drama, Musical",,"5,00,00,000","12,00,000","17,00,000",0.0,1.0,0.6,0.4,50000000.0,1200000.0,Disaster
Baaghi 2,2018,M A R,30,Ahmed Khan,"Tiger Shroff, Disha Patani, Manoj Bajpayee, Randeep Hooda, Prateik Babbar","Action, Thriller, Drama",,"59,00,00,000","2,05,94,00,000","2,51,05,00,000",0.48,0.52,0.5900000000000001,0.41,590000000.0,2059400000.0,Superhit / Blockbuster
Blackmail,2018,A P R,6,Abhinay Deo,"Irrfan Khan, Kirti Kulhari, Arunoday Singh, Divya Dutta, Omi Vaidya","Comedy, Thriller",,"9,50,00,000","6,00,00,000","6,58,72,500",0.51,0.49,0.6900000000000001,0.31,95000000.0,60000000.0,Flop
Missing,2018,A P R,6,Mukul Abhyankar,"Tabu, Manoj Bajpayee, Annu Kapoor","Thriller, Mystery, Drama","Abundantia Entertainment ,Anand Pandit Motion Pictures,Friday Filmworks Pvt. Ltd.,Manoj Bajpayee Productions Pvt. Ltd.,Shri Adhikari Brothers",--,"97,00,000","97,00,000",0.5,0.5,0.6,0.4,0.0,9700000.0,
October,2018,A P R,13,Shoojit Sircar,"Varun Dhawan, Banita Sandhu, Gitanjali Rao","Drama, Romance",,"33,00,00,000","47,22,00,000","54,98,47,500",0.64,0.36,0.6799999999999999,0.32,330000000.0,472200000.0,Hit
Mercury,2018,A P R,13,Karthik Subbaraj,"Prabhu Deva, Sananth Reddy, Remya Nambeesan","Thriller, Horror, Mystery",,,,,0.55,0.45,,,0.0,0.0,
Zoo,2018,A P R,13,Shlok Sharma,"Shweta Tripathi, Shashank Arora, Rahul Kumar","Drama, Thriller",,,"10,00,00,000",,0.42,0.58,0.7,0.3,0.0,100000000.0,
Beyond the Clouds,2018,A P R,20,Majid Majidi,"Ishaan Khatter, Malavika Mohanan","Drama, Romance, Coming-of-Age",,"6,00,00,000","2,05,00,000","2,86,56,250",0.54,0.46,0.64,0.36,60000000.0,20500000.0,Disaster
Nanu Ki Jaanu,2018,A P R,20,Faraz Haider,"Patralekhaa, Abhay Deol, Sapna Chaudhary","Comedy, Horror, Romance",,"15,00,00,000","5,68,00,000","5,68,00,000",0.48,0.52,0.5599999999999999,0.44,150000000.0,56800000.0,Flop
Daas Dev,2018,A P R,27,Sudhir Mishra,"Richa Chaddha, Aditi Rao Hydari, Rahul Bhat, Saurabh Shukla, Vipin Sharma, Vineet Kumar Singh, Dalip Tahil, Anurag Kashyap","Drama, Thriller, Political",,"20,00,00,000","1,90,00,000","1,90,00,000",0.57,0.43,0.3,0.7,200000000.0,19000000.0,Disaster
102 Not Out,2018,M A Y,4,Umesh Shukla,"Amitabh Bachchan, Rishi Kapoor","Comedy, Drama",,"35,00,00,000","65,48,00,000","84,70,90,000",0.47,0.53,0.75,0.25,350000000.0,654800000.0,Hit
Omerta,2018,M A Y,4,Hansal Mehta,Rajkummar Rao,"Crime, Thriller, Drama",,"12,00,00,000","4,13,00,000","4,49,85,000",0.47,0.53,,,120000000.0,41300000.0,Flop
Raazi,2018,M A Y,11,Meghna Gulzar,"Vicky Kaushal, Alia Bhatt","Thriller, Drama, Spy",,"38,00,00,000","1,55,17,00,000","1,93,57,75,000",0.49,0.51,0.72,0.28,380000000.0,1551700000.0,Superhit / Blockbuster
Hope Aur Hum,2018,M A Y,11,Sudip Bandyopadhyay,"Naseeruddin Shah, Sonali Kulkarni, Aamir Bashir","Drama, Family",Thumbnail Pictures Pvt. Ltd.,--,"25,00,000","25,00,000",0.0,1.0,0.62,0.38,0.0,2500000.0,
Falooda,2018,M A Y,11,Dhiraj Singh,"Aarav Negi, Goonj Chand, Azhar, Pihu Sharma, Dhiraj Singh","Comedy, Drama, Romance","Dev Gayati Entertainment |  Shree S.J. Entertainment |  Vaibhav Laxmi Films
",--,"2,55,000","2,55,000",0.0,1.0,,,0.0,255000.0,
High Jack,2018,M A Y,18,Akash Khurana,"Sumeet Vyas, Sonnalli Seygall, Mantra, Taaruk Raina, Priyanshu Painyuli, Kumud Mishra, Natasha Rastogi","Comedy, Drama, Thriller",,"7,00,00,000","44,00,000","44,00,000",0.0,1.0,0.9,0.1,70000000.0,4400000.0,Disaster
Khajoor Pe Atke,2018,M A Y,18,Harsh Chhaya,"Vinay Pathak, Manoj Pahwa, Seema Pahwa, Dolly Ahluwalia, Sabah Kapoor","Comedy, Drama",,"5,00,00,000","71,00,000","71,00,000",0.0,1.0,0.0,1.0,50000000.0,7100000.0,Disaster
Parmanu: The Story Of Pokhran,2018,M A Y,25,Abhishek Sharma,"John Abraham, Diana Penty, Boman Irani","Drama, Thriller, History",,"44,00,00,000","82,49,00,000","90,89,10,000
",0.67,0.33,0.7,0.3,440000000.0,824900000.0,Hit
Bioscopewala,2018,M A Y,25,Deb Medhekar,"Danny Denzongpa, Geetanjali Thapa, Tisca Chopra, Adil Hussain","Drama, Adventure, Family",,"4,00,00,000","49,25,000","54,63,000",0.58,0.42,0.78,0.22,40000000.0,4925000.0,Disaster
Veere Di Wedding,2018,J U N,1,Shashanka Ghosh,"Kareena Kapoor, Sonam Kapoor, Swara Bhaskar, Shikha Talsania, Sumeet Vyas","Comedy, Drama, Romance",,"42,00,00,000","1,01,53,00,000","1,37,97,95,000",0.31,0.69,0.51,0.49,420000000.0,1015300000.0,Superhit / Blockbuster
Bhavesh Joshi Superhero,2018,J U N,1,Vikramaditya Motwane,"Harshvardhan Kapoor, Priyanshu Painyuli, Nishikant Kamat","Action, Drama, Superhero",,"21,00,00,000","1,85,00,000","2,52,25,000",0.47,0.53,0.73,0.27,210000000.0,18500000.0,Disaster
Phamous,2018,J U N,1,Karan Lalit Butani,"Jackie Shroff, Jimmy Sheirgill, Kay Kay Menon, Shriya Saran, Mahie Gill, Pankaj Tripathi","Comedy, Drama, Action",,--,"43,00,000","43,00,000",0.78,0.22,0.7,0.3,0.0,4300000.0,
Race 3,2018,J U N,15,Remo D'Souza,"Anil Kapoor, Bobby Deol, Daisy Shah, Freddy Daruwala, Jacqueline Fernandez, Salman Khan, Saqib Saleem","Action, Thriller, Drama, Crime",,"1,85,00,00,000","2,12,95,00,000","3,05,15,80,000",0.58,0.42,0.42,0.58,1850000000.0,2129500000.0,Flop
Sanju,2018,J U N,29,Rajkumar Hirani,Ranbir Kapoor,"Biography, Drama",,"96,00,00,000","4,30,84,00,000","5,78,44,62,500",0.55,0.45,0.72,0.28,960000000.0,4308400000.0,Superhit / Blockbuster
Hanuman vs Mahiravana,2018,J U L,6,Ezhil Vendan,,"Animation, Action, Fantasy, Adventure",Green Gold Pictures,--,"1,13,00,000","1,13,00,000",0.55,0.45,0.6,0.4,0.0,11300000.0,
Soorma,2018,J U L,13,Shaad Ali,"Diljit Dosanjh, Taapsee Pannu, Angad Bedi","Biographical, Sports, Drama",,"31,00,00,000","40,42,00,000","48,07,90,000",0.41,0.59,0.72,0.28,310000000.0,404200000.0,Average
When Obama Loved Osama,2018,J U L,20,Sudhish Kumar Sharma,"Mousam Sharma, Swati Bakshi, Rahul Avana, Mohit Baghel, Heena Panchal, Hemant Pandey, Vikas Giri Manoj Bakshi, Himani Shivpuri,","Comedy, Satire, Drama",,,"1,25,000","1,25,000",0.0,1.0,,,0.0,125000.0,
Dhadak,2018,J U L,20,Shashank Khaitan,"Ishaan Khatter, Jhanvi Kapoor","Romance, Drama",,"41,00,00,000","92,26,00,000","1,11,78,70,000",0.72,0.28,0.73,0.27,410000000.0,922600000.0,Superhit / Blockbuster
"Saheb, Biwi Aur Gangster 3",2018,J U L,27,Tigmanshu Dhulia,"Sanjay Dutt, Jimmy Sheirgill, Mahi Gill, Chitrangada Singh, Soha Ali Khan","Action, Drama, Thriller, Crime",,"28,00,00,000","7,35,00,000","10,19,70,000
",0.46,0.54,0.67,0.33,280000000.0,73500000.0,Flop
Nawabzaade,2018,J U L,27,Jayesh Pradhan,"Raghav Juyal, Punit Pathak, Dharmesh Yelande, Isha Rikhi","Comedy, Romance, Musical",,"10,00,00,000","5,39,00,000","5,39,00,000",0.52,0.48,0.55,0.45,100000000.0,53900000.0,Flop
Fanney Khan,2018,A U G,3,Atul Manjrekar,"Anil Kapoor, Aishwarya Rai Bachchan, Rajkummar Rao, Karan Singh Chhabra, Divya Dutta","Comedy, Drama, Musical",,"39,00,00,000","13,16,00,000","13,16,00,000",0.49,0.51,0.54,0.46,390000000.0,131600000.0,Flop
Mulk,2018,A U G,3,Anubhav Sinha,"Rishi Kapoor, Prateik Babbar, Rajat Kapoor, Taapsee Pannu, Ashutosh Rana, Manoj Pahwa, Neena Gupta","Drama, Thriller, Social Issues",,"19,00,00,000","27,75,00,000","30,64,80,000",0.52,0.48,0.6900000000000001,0.31,190000000.0,277500000.0,Hit
Karwaan,2018,A U G,3,Akarsh Khurana,"Irrfan Khan, Dulquer Salman, Mithila Palkar, Kriti Kharbanda","Comedy, Drama, Road Movie",,"23,00,00,000","25,58,00,000","25,58,00,000",0.45,0.55,0.72,0.28,230000000.0,255800000.0,Flop
Gold,2018,A U G,15,Reema Kagti,"Akshay Kumar, Kunal Kapoor, Mouni Roy, Amit Sadh","Drama, Sports, History",,"50,00,000","85,000","85,000",0.5,0.5,0.71,0.29,5000000.0,85000.0,Disaster
Satyameva Jayate,2018,A U G,15,Milap Zaveri,"John Abraham, Manoj Bajpayee, Aisha Sharma, Amruta Khanvilkar","Action, Drama, Thriller",,"45,00,00,000","1,00,76,00,000","1,08,25,00,000",0.52,0.48,0.65,0.35,450000000.0,1007600000.0,Superhit / Blockbuster
Genius,2018,A U G,24,Anil Sharma,"Utkarsh Sharma, Ishita Chauhan, Nawazuddin Siddiqui, Ayesha Jhulka","Action, Drama, Thriller",,"25,00,00,000","5,28,00,000","5,28,00,000",0.22,0.78,0.5900000000000001,0.41,250000000.0,52800000.0,Flop
Happy Phirr Bhag Jayegi,2018,A U G,24,Mudassar Aziz,"Sonakshi Sinha, Diana Penty, Ali Fazal, Jimmy Shergill, Jassi Gill","Comedy, Romance, Drama",,"30,00,00,000","24,41,00,000","24,41,00,000",0.43,0.57,0.6799999999999999,0.32,300000000.0,244100000.0,Flop
Yamla Pagla Deewana: Phir Se,2018,A U G,31,Navaniat Singh,"Dharmendra, Sunny Deol, Bobby Deol, Kriti Kharbanda","Comedy, Action, Drama",,"36,00,00,000","12,08,00,000","15,40,52,500
",0.67,0.33,0.4599999999999999,0.54,360000000.0,120800000.0,Flop
Stree,2018,A U G,31,Amar Kaushik,"Rajkummar Rao, Shraddha Kapoor, Aparshakti Khurana, Pankaj Tripathi","Horror, Comedy, Thriller",,"24,00,00,000","1,57,53,00,000","1,71,68,00,000",0.42,0.58,0.7,0.3,240000000.0,1575300000.0,Superhit / Blockbuster
Once Again,2018,S E P,1,Kanwal Sethi,"Shefali Shah, Neeraj Kabi","Drama, Romance",,--,"6,000","6,000",0.0,1.0,0.61,0.39,0.0,6000.0,
Paltan,2018,S E P,7,J. P. Dutta,"Jackie Shroff, Sonu Sood, Arjun Rampal, Gurmeet Choudhary, Siddhanth Kapoor, Harshvardhan Rane, Luv Sinha, Esha Gupta, Monica Gill, Sonal Chauhan, Dipika Kakar, Aditii Arya Sharma","War, Drama, Action",,"35,00,00,000","9,89,00,000","10,56,92,500",0.49,0.51,0.62,0.38,350000000.0,98900000.0,Flop
Laila Majnu,2018,S E P,7,Sajid Ali,"Mir Sarwar, Avinash Tiwary, Tripti Dimri, Ruchika Kapoor","Romance, Drama",,"10,00,00,000","2,76,00,000","2,76,00,000",0.53,0.47,0.6799999999999999,0.32,100000000.0,27600000.0,Disaster
Gali Guleiyan,2018,S E P,7,Dipesh Jain,"Manoj Bajpayee, Ranvir Shorey, Neeraj Kabi, Shahana Goswami","Drama, Thriller, Psychological",,--,"39,00,000","39,00,000",0.0,1.0,0.6799999999999999,0.32,0.0,3900000.0,
Halkaa,2018,S E P,7,Nila Madhab Panda,"Ranvir Shorey, Paoli Dam, Tathastu, Kumud Mishra","Drama, Comedy, Family",,--,"17,00,000","17,00,000",0.0,1.0,0.5599999999999999,0.44,0.0,1700000.0,
Manmarziyaan,2018,S E P,14,Anurag Kashyap,"Abhishek Bachchan, Vicky Kaushal, Taapsee Pannu","Romance, Drama",,"28,00,00,000","32,47,00,000","41,68,00,000",0.58,0.42,0.7,0.3,280000000.0,324700000.0,Flop
Love Sonia,2018,S E P,14,Tabrez Noorani,"Mrunal Thakur, Freida Pinto, Manoj Bajpayee, Rajkummar Rao, Richa Chadda, Anupam Kher, Adil Hussain, Sai Tamhankar","Drama, Thriller, Social Issues",,"15,00,00,000","3,03,00,000","3,33,00,000",0.59,0.41,0.75,0.25,150000000.0,30300000.0,Flop
Mitron,2018,S E P,14,Nitin Kakar,"Jackky Bhagnani, Kritika Kamra, Pratik Gandhi, Neeraj Sood","Comedy, Drama, Romance",,"15,00,00,000","5,11,00,000","5,21,80,000",0.52,0.48,0.62,0.38,150000000.0,51100000.0,Flop
Batti Gul Meter Chalu,2018,S E P,21,Shree Narayan Singh,"Shahid Kapoor, Shraddha Kapoor, Divyendu Sharma, Yami Gautam","Drama, Comedy, Social Issues",,"49,00,00,000","45,70,00,000","52,32,40,000",0.53,0.47,0.58,0.42,490000000.0,457000000.0,Flop
Manto,2018,S E P,21,Nandita Das,"Nawazuddin Siddiqui, Tahir Raj Bhasin, Rasika Dugal, Rajshri Deshpande","Biographical, Drama",,"8,00,00,000","4,31,00,000
","4,31,00,000
",0.56,0.44,0.74,0.26,80000000.0,43100000.0,Flop
Ishqeria,2018,S E P,21,Prerna Wadhawan,"Neil Nitin Mukesh, Richa Chaddha","Romantic, Comedy, Drama",,--,"8,25,000","8,25,000",0.58,0.42,0.53,0.47,0.0,825000.0,
Sui Dhaaga,2018,S E P,28,Sharat Katariya,"Varun Dhawan, Anushka Sharma","Drama, Comedy, Romance",,"48,00,00,000","96,66,50,000","1,20,06,50,000",0.23,0.77,,,480000000.0,966650000.0,Superhit / Blockbuster
Pataakha,2018,S E P,28,Vishal Bhardwaj,"Sanya Malhotra, Sunil Grover, Radhika Madan","Comedy, Drama",,"19,00,00,000","10,09,00,000","11,06,20,000",0.56,0.44,0.6900000000000001,0.31,190000000.0,100900000.0,Flop
Loveyatri,2018,O C T,5,Abhiraj Minawala,"Aayush Sharma, Warina Hussain","Romance, Drama, Musical",,"24,00,00,000","16,06,00,000","19,39,00,000",0.44,0.56,0.5,0.5,240000000.0,160600000.0,Flop
Andhadhun,2018,O C T,5,Sriram Raghavan,"Ayushman Khurana, Tabu, Radhika Apte","Thriller, Black Comedy, Mystery",,"32,00,00,000","92,50,00,000","1,14,33,00,000",0.43,0.57,0.76,0.24,320000000.0,925000000.0,Superhit / Blockbuster
Jalebi,2018,O C T,12,Pushpdeep Bhardwaj,"Rhea Chakraborty, Digangana Suryavanshi, Varun Mitra","Romance, Drama",,"7,50,00,000","2,97,00,000","3,19,20,000",0.33,0.67,0.65,0.35,75000000.0,29700000.0,Disaster
Helicopter Eela,2018,O C T,12,Pradeep Sarkar,"Kajol, Riddhi Sen, Neha Dhupia, Tota Roy Choudhury","Comedy, Drama",,"24,00,00,000","5,45,00,000","8,41,00,000",0.52,0.48,0.63,0.37,240000000.0,54500000.0,Flop
FryDay,2018,O C T,12,Abhishek Dogra,"Govinda, Varun Sharma","Comedy, Drama",,"15,00,00,000","1,93,00,000","2,09,28,000",0.47,0.53,0.65,0.35,150000000.0,19300000.0,Disaster
Tumbbad,2018,O C T,12,Rahi Anil Barve,"Soham ShahHarish Khanna, Anita Date","Fantasy, Horror, Thriller, Drama",,"15,00,00,000","15,46,00,000","15,46,00,000",0.77,0.23,0.76,0.24,150000000.0,154600000.0,Flop
Namaste England,2018,O C T,18,Vipul Shah,"Arjun Kapoor, Parineeti Chopra, Aditya Seal, Alankrita Sahai, Anil Mange, Satish Kaushik","Romantic comedy, Drama, Adventure",,"54,00,00,000","10,02,00,000","14,19,52,500",0.55,0.45,0.47,0.53,540000000.0,100200000.0,Flop
Badhaai Ho,2018,O C T,18,Amit Ravindernath Sharma,"Ayushman Khurrana, Neena Gupta, Gajraj Rao, Surekha Sikri, Sanya Malhotra","Comedy, Drama",,"23,00,00,000","1,76,00,00,000","2,20,00,00,000",0.71,0.29,0.73,0.27,230000000.0,1760000000.0,Superhit / Blockbuster
Baazaar,2018,O C T,26,Gauravv K. Chawla,"Saif Ali Khan, Radhika Apte, Chitrangada Singh, Denzil Smith, Rohan Mehra, Sonia Balani","Drama, Thriller, Crime",,"34,00,00,000","32,84,00,000","39,87,20,000",0.69,0.31,0.6,0.4,340000000.0,328400000.0,Flop
5 Weddings,2018,O C T,26,Namrata Singh Gujral,"Rajkummar Rao, Nargis Fakhri, Bo Derek, Candy Clark, Anneliese van der Pol, Suvinder Vicky","Romantic Comedy, Drama",,"20,00,00,000","41,00,000","41,00,000",0.0,1.0,0.5900000000000001,0.41,200000000.0,4100000.0,Disaster
Kaashi in Search of Ganga,2018,O C T,26,Dhiraj Kumar,"Sharman Joshi, Aishwarya Devan, Govind Namdev, Manoj Joshi, Manoj Pahwa, Akhilendra Mishra","Drama, Thriller, Mystery",,"10,00,00,000","93,00,000","93,00,000
",0.69,0.31,0.43,0.57,100000000.0,9300000.0,Disaster
Dassehra,2018,O C T,26,Manish Vatsalya,"Neil Nitin Mukesh, Tina Desai, Govind Namdev","Action, Thriller, Drama",,"10,00,00,000","25,00,000","25,00,000",0.37,0.63,1.0,0.0,100000000.0,2500000.0,Disaster
Thugs of Hindostan,2018,N O V,8,Vijay Krishna Acharya,"Amitabh Bachchan, Aamir Khan, Fatima Sana Shaikh, Katrina Kaif, Mohammed Zeeshan Ayyub","Action, Adventure, Drama, Musical",,"3,10,00,00,000","1,76,43,00,000","2,45,08,75,000",0.7,0.3,0.5599999999999999,0.44,3100000000.0,1764300000.0,Flop
Mohalla Assi,2018,N O V,16,Chandraprakash Dwivedi,"Sunny Deol, Sakshi Tanwar, Ravi Kishan, Saurabh Shukla, Mukesh Tiwari, Rajendra Gupta, Mithilesh Chaturvedi","Drama, Comedy, Social Commentary",,"10,00,00,000","3,25,00,000","3,25,00,000",0.52,0.48,0.7,0.3,100000000.0,32500000.0,Flop
Pihu,2018,N O V,16,Vinod Kapri,"Myra Vishwakarma, Prerna Sharma","Drama, Thriller",,"4,00,00,000","4,02,00,000","4,10,58,000",0.46,0.54,0.76,0.24,40000000.0,40200000.0,Flop
Hotel Milan,2018,N O V,16,Vishal Mishra,"Kunaal Roy Kapur, Karishma Sharma, Zeishan Quadri, Jaideep Ahlawat, Rajesh Sharma, Zakir Hussain","Comedy, Drama",,"10,00,00,000","1,25,000","1,25,000",0.74,0.26,0.2,0.8,100000000.0,125000.0,Disaster
Bhaiaji Superhit,2018,N O V,23,Neerraj Pathak,"Sunny Deol, Preity Zinta, Ameesha Patel, Arshad Warsi, Shreyas Talpade, Evelyn Sharma","Action, Comedy, Drama",,"26,00,00,000","5,69,00,000","5,69,00,000",0.78,0.22,0.6,0.4,260000000.0,56900000.0,Flop
2,2018,N O V,29,S Shankar,"Rajnikanth, Amy Jackson, Akshay Kumar, Adil Hussain, Sudhanshu Pandey","Science Fiction, Action, Thriller",,"5,75,00,00,000","2,38,68,00,000","2,67,52,00,000",0.47,0.53,,,5750000000.0,2386800000.0,Flop
Kedarnath,2018,D E C,7,Abhishek Kapoor,"Sushant Singh Rajput, Sara Ali Khan","Romance, Drama, Thriller",,"68,00,00,000","88,79,00,000","1,02,77,70,000",0.49,0.51,0.6599999999999999,0.34,680000000.0,887900000.0,Average
Zero,2018,D E C,21,Aanand L. Rai,"Shah Rukh Khan, Katrina Kaif, Anushka Sharma, Abhay Deol, Tigmanshu Dhulia","Drama, Romance, Comedy, Fantasy",,"2,70,00,00,000","1,12,70,00,000","1,91,43,90,000",0.44,0.56,0.52,0.48,2700000000.0,1127000000.0,Flop
Simmba,2018,D E C,28,Rohit Shetty,"Ranveer Singh, Sara Ali Khan, Sonu Sood","Action, Comedy, Drama, Crime",,"1,39,00,00,000","2,95,45,00,000","3,91,68,25,000",0.59,0.41,0.62,0.38,1390000000.0,2954500000.0,Superhit / Blockbuster
Salt Bridge,2019,J A N,4,Abhijit Deonath,Rajeev KhandelwalChelsie Preston CrayfordUsha Jadhav,"Drama, Thriller",Fillearth,--,"3,50,000","3,50,000",0.43,0.57,,,0.0,350000.0,
Uri: The Surgical Strike,2019,J A N,11,Aditya Dhar,Vicky KaushalMohit RainaParesh RawalYami Gautam,"Action, Drama, War, Thriller","RSVP Movies, B62 Studios","44,00,00,000","2,85,43,00,000","3,38,39,60,000
",0.45,0.55,0.72,0.28,440000000.0,2854300000.0,Superhit / Blockbuster
Battalion 609,2019,J A N,11,Brijesh Batuknath Tripathi,Shoaib IbrahimElena KazanFarnaz ShettyVishwas KiniVicky AhujaVikas SrivastavaChandraprakash Thakur,"Action, Drama, War",N.J Lalwani Films,--,"16,50,000","16,50,000",0.67,0.33,0.0,1.0,0.0,1650000.0,
The Accidental Prime Minister,2019,J A N,11,Vijay Ratnakar Gutte,Anupam KherAkshaye KhannaSuzanne BernertAahana KumraArjun Mathur,"Biography, Drama, Political","Pen Studios, Rudra Productions, Bohra Bros.","21,00,00,000","27,31,00,000","31,57,00,000",0.46,0.54,0.52,0.48,210000000.0,273100000.0,Average
Evening Shadows,2019,J A N,11,Sridhar Rangayan,Mona AmbegaonkarAnanth Narayan MahadevanDevansh DoshiArpit Chaudhary,"Drama, LGBTQ+",Solaris Pictures,--,"3,25,000","3,25,000",0.54,0.46,,,0.0,325000.0,
Why Cheat India,2019,J A N,18,Soumik Sen,Emraan HashmiShreya Dhanwanthary,"Drama, Thriller, Comedy","T-Series Films, Ellipsis Entertainment, Emraan Hashmi Films","23,00,00,000","10,54,00,000","10,54,00,000",0.43,0.57,0.55,0.45,230000000.0,105400000.0,Flop
SP Chauhan,2019,J A N,18,Manoj K Jha,Jimmy ShergillYuvika ChaudharyYashpal Sharma,"Drama, Action, Thriller","Navchetna Productions, T-Series",--,"9,25,000","9,25,000",0.38,0.62,0.86,0.14,0.0,925000.0,
Fraud Saiyaan,2019,J A N,18,Sourabh Shrivastava,Arshad WarsiSara LorenSaurabh Shukla,"Comedy, Drama, Romance","Prakash Jha Productions, Drama King Entertainment","12,00,00,000","79,00,000","2,28,10,000",0.5,0.5,0.42,0.58,120000000.0,7900000.0,Disaster
72 Hours: Martyr Who Never Died,2019,J A N,18,Avinash Dhyani,Avinash DhyaniMukesh TiwariVirendra SaxenaAlka Amin Shishir SharmaGireesh SahdevPrashil Rawat,"Action, Drama, War",JSR Production House,"3,00,00,000","30,00,000","30,00,000",0.47,0.53,0.43,0.57,30000000.0,3000000.0,Disaster
Bombairiya,2019,J A N,18,Pia Sukanya,Radhika ApteSiddhanth KapoorAkshay OberoiShilpa ShuklaAdil HussainAmit SialRavi Kishan,"Comedy, Drama, Thriller","TriStar Pictures, Zee Studios, Beautiful Bay Entertainment, Krio Films FZ","3,00,00,000","19,00,000","19,00,000",0.42,0.58,0.73,0.27,30000000.0,1900000.0,Disaster
Rangeela Raja,2019,J A N,18,Sikander Bharti,GovindaShakti KapoorPrem ChopraGovind NamdevShyamlal YadavMishika ChourasiaAnupama AgnihotriDigangana SuryavanshiKarishma HarshadaArti Gupta,"Comedy, Drama, Musical",Chitradeep International,--,"40,00,000","40,00,000",0.55,0.45,0.0,1.0,0.0,4000000.0,
Thackeray,2019,J A N,25,Abhijit Panse,Nawazuddin SiddiquiAmrita Rao,"Biographical, Drama, Political","Viacom18 Motion Pictures, Carnival Motion Pictures, Raut'ers Entertainment","31,00,00,000","23,37,00,000","25,25,15,000",0.6,0.4,0.51,0.49,310000000.0,233700000.0,Flop
Manikarnika: The Queen of Jhansi,2019,J A N,25,Radha Krishna JagarlamudiKangana Ranaut,Kangana RanautJisshu SenguptaSuresh OberoiAnkita LokhandeDanny DenzongappaAtul KulkarniMohammed Zeeshan Ayyub,"Action, Historical, Drama, Biographical","Zee Studios, Kairos Kontent, EaseMyTrip","99,00,00,000","100,00,00,000","132,00,00,000",0.34,0.66,0.71,0.29,990000000.0,1000000000.0,Flop
Ek Ladki Ko Dekha Toh Aisa Laga,2019,F E B,1,Shelly Chopra Dhar,Anil KapoorSonam KapoorJuhi ChawlaRajkummar Rao,"Romance, Drama, Comedy","Fox Star Studios, Vinod Chopra Films","35,00,00,000","22,71,00,000","36,22,35,000",0.5,0.5,0.5700000000000001,0.43,350000000.0,227100000.0,Flop
The Fakir of Venice,2019,F E B,8,Anand Surapur,Farhan AkhtarAnnu Kapoor,"Drama, Comedy","October Films, Phat Phish Motion Pictures","1,30,00,000","19,75,000","19,75,000",0.29,0.71,0.47,0.53,13000000.0,1975000.0,Disaster
Dosti Ke Side Effects,2019,F E B,8,Hadi Ali Abrar,Sapna ChoudhryVikrant AnandNeel MotwaniZuber K. KhanAnju Jadhav,"Romance, Drama, Comedy",Share Happiness Films,"2,00,00,000","6,25,000","6,25,000",0.41,0.59,0.0,1.0,20000000.0,625000.0,Disaster
Amavas,2019,F E B,8,Bhushan Patel,Sachiin JoshiVivan BhatenaNargis Fakhri,"Horror, Thriller",Weeping Grave,"12,00,00,000","3,49,00,000","3,91,75,000",0.57,0.43,0.7,0.3,120000000.0,34900000.0,Flop
Gully Boy,2019,F E B,14,Zoya Akhtar,Ranveer SinghAlia Bhatt,"Drama, Musical, Romance, Biography","Excel Entertainment, Tiger Baby","84,00,00,000","1,57,25,00,000","2,30,28,12,500",0.6,0.4,0.74,0.26,840000000.0,1572500000.0,Hit
Hum Chaar,2019,F E B,15,Abhishek Dixit,Prit KamaniSimran SharmaAnshuman MalhotraTushar Pandey,"Drama, Romance, Comedy",Rajshri Productions,"8,00,00,000","27,00,000","27,00,000",0.49,0.51,0.7,0.3,80000000.0,2700000.0,Disaster
Total Dhamaal,2019,F E B,22,Indra Kumar,Ajay DevgnMadhuri DixitArshad WarsiJaved JaffreyAnil KapoorRiteish DeshmukhSanjay MishraEsha Gupta,"Comedy, Adventure, Family","Fox Star Studios, Ajay Devgn FFilms, Maruti International, Sri Adhikari Brothers Motion Pictures, Anand Pandit Motion Pictures","1,13,00,00,000","1,80,68,00,000","2,27,20,62,500",0.65,0.35,0.54,0.46,1130000000.0,1806800000.0,Hit
Goopi Gawaiya Bagha Bajaiya,2019,M A R,1,Shilpa Ranade,Manish BhawanRajeev RajShailendra Pande,"Animation, Adventure, Family, Musical","Paperboat Animation Studios, Children's Film Society, Karadi Tales","3,00,00,000","9,50,000","9,50,000",0.22,0.78,,,30000000.0,950000.0,Disaster
Luka Chuppi,2019,M A R,1,Laxman Utekar,Kartik AaryanKriti SanonAparshakti KhuranaPankaj TripathiVinay Pathak,"Romantic Comedy, Drama","Maddock Films, Jio Studios","34,00,00,000","1,04,75,00,000","1,22,00,30,000",0.41,0.59,0.61,0.39,340000000.0,1047500000.0,Superhit / Blockbuster
Sonchiriya,2019,M A R,1,Abhishek Chaubey,Sushant Singh RajputBhumi PednekarManoj BajpayeeRanvir ShoreyAshutosh Rana,"Action, Drama, Thriller, Western","RSVP Movies, MacGuffin Pictures","28,00,00,000","6,58,00,000","8,00,00,000",0.33,0.67,0.8300000000000001,0.17,280000000.0,65800000.0,Flop
Badla,2019,M A R,8,Sujoy Ghosh,Amitabh BachchanTaapsee Pannu,"Thriller, Mystery, Drama","Red Chillies Entertainment, Azure Entertainment, Ael One","35,00,000","43,00,000","43,48,000",0.57,0.43,0.74,0.26,3500000.0,4300000.0,Disaster
Hamid,2019,M A R,15,Aijaz Khan,Talha Arshad ReshiRasika DugalVikas KumarSumit Kaul,"Drama, Family, Social Issues",Yoodlee Films,"2,00,00,000","16,50,000","16,50,000",0.57,0.43,0.7,0.3,20000000.0,1650000.0,Disaster
Photograph,2019,M A R,15,Ritesh Batra,Nawazuddin SiddiquiSanya Malhotra,"Drama, Romance","Amazon Studios, The Match Factory, Poetic License Motion Pictures, FilmScience, Pola Pandora, KNM, Medienboard BerlinBrandenBurg, FFA",,"1,54,00,000","5,74,00,000",0.45,0.55,0.6599999999999999,0.34,0.0,15400000.0,
Milan Talkies,2019,M A R,15,Tigmanshu Dhulia,Ali FazalShraddha SrinathReecha SinhaAshutosh RanaSanjay MishraSikandar Kher,"Romance, Drama, Comedy",Filmy Keeda Productions Pvt Ltd,--,"39,00,000","39,00,000",0.53,0.47,0.43,0.57,0.0,3900000.0,
Risknamaa,2019,M A R,15,Aarun Nagar,Sachin KhariAarun NagarShahbaz KhanPramod MouthoRavi Verma,"Drama, Thriller","Kirti Motion Pictures, CSK Production",--,"15,00,000","15,00,000",0.76,0.24,,,0.0,1500000.0,
Mere Pyare Prime Minister,2019,M A R,15,Rakeysh Omprakash Mehra,Anjali PatilMakarand DeshpandeRasika AagasheSonia AlbizuriSyna AnandAdarsh BhartiOm Kanojiya,"Drama, Comedy, Social Issues","Pen Studios, ROMP Pictures","7,00,00,000","47,00,000","47,00,000",0.38,0.62,0.64,0.36,70000000.0,4700000.0,Disaster
22 Yards,2019,M A R,15,Mitali Ghoshal,Barun SobtiAmartya RayPanchi BoraRajit KapurRajesh SharmaChaiti GhoshalGeetika Tyagi,"Drama, Sports",MS Productions,--,"3,80,000","3,80,000",0.37,0.63,1.0,0.0,0.0,380000.0,
Kesari,2019,M A R,21,Anurag Singh,Akshay KumarParineeti ChopraMir SarwarAshwath Bhatt,"Action, Drama, Historical, War","Zee Studios, Dharma Productions, Cape of Good Films, Azure Entertainment","1,26,00,00,000","1,78,13,00,000","2,01,30,00,000",0.43,0.57,0.7,0.3,1260000000.0,1781300000.0,Hit
Mard Ko Dard Nahi Hota,2019,M A R,21,Vasan Bala,Abhimanyu DassaniRadhika MadanGulshan DevaiahMahesh ManjrekarJimit TrivediShweta Basu Prasad,"Action, Comedy, Drama",RSVP Movies,"17,00,00,000","2,68,00,000","3,03,00,000",0.24,0.76,,,170000000.0,26800000.0,Disaster
Ram Ki Janmabhoomi,2019,M A R,29,Sanoj Mishra,Govind NamdeoManoj JoshiNajneen PatniRajveer Singh,"Drama, Historical, Religious",Cine Craft Productions,"35,00,000","1,65,000","1,65,000",0.23,0.77,,,3500000.0,165000.0,Disaster
Notebook,2019,M A R,29,Nitin Kakkar,Zaheer IqbalPranutan Bahl,"Romance, Drama","Salman Khan Films, Cine1 Studios","19,00,00,000","4,76,00,000","5,67,00,000",0.56,0.44,0.58,0.42,190000000.0,47600000.0,Flop
Junglee,2019,M A R,29,Chuck Russell,Vidyut JammwalPooja SawantAsha BhatAtul Kulkarni,"Action, Adventure, Drama",Junglee Pictures,"25,00,000","20,00,000","20,00,000",0.22,0.78,0.67,0.33,2500000.0,2000000.0,Disaster
Gone Kesh,2019,M A R,29,Qasim Khallow,Shweta TripathiJitendra KumarVipin SharmaDeepika AminBrijendra Kala,"Drama, Comedy","Eros International, Dhirendra Nath Ghosh Films",--,"15,75,000","15,75,000",0.52,0.48,0.73,0.27,0.0,1575000.0,
Romeo Akbar Walter,2019,A P R,5,Robbie Garewal,John AbrahamMouni RoyJackie ShroffSikander KherSuchitra Krishnamoorthi,"Action, Thriller, Drama","Viacom18 Motion Pictures, Kyta Productions, VA Film Company, Red Ice Productions","48,00,00,000","46,18,00,000","52,34,00,000",0.5,0.5,0.64,0.36,480000000.0,461800000.0,Flop
Jai Chhathi Maa,2019,A P R,5,Murari Sinha,"Ravi Kishan, Gurleen Chopra, Preeti Jhangiani","Drama, Musical, Devotional",Shining Screens,--,"5,500","5,500",0.37,0.63,,,0.0,5500.0,
Albert Pinto Ko Gussa Kyun Aata Hai?,2019,A P R,12,Soumitra Ranade,Manav KaulNandita DasSaurabh ShuklaKishor Kadam,"Drama, Comedy","Soumitra Ranade Productions, Templetree Motion Pictures, No Guts No Glory Films, Parashuram Productions, Paperboat Studios Pvt. Ltd.",--,"7,15,000","7,15,000",0.4,0.6,0.62,0.38,0.0,715000.0,
The Tashkent Files,2019,A P R,12,Vivek Agnihotri,Mithun ChakrabortyNaseeruddin ShahShweta Basu PrasadPankaj TripathiVinay PathakMandira BediPallavi JoshiAnkur RatheePrakash Belawadi,"Drama, Thriller, Historical",SP CineCorp,"7,50,00,000","20,07,00,000","20,84,00,000",0.44,0.56,0.77,0.23,75000000.0,200700000.0,Superhit / Blockbuster
Blackboard vs Whiteboard,2019,A P R,12,Tarun S. Bisht,"Raghubir Yadav, Ashok Samarth, Akhilendra Mishra","Drama, Comedy",,--,"8,50,000","8,50,000",0.59,0.41,0.7,0.3,0.0,850000.0,
Kalank,2019,A P R,17,Abhishek Varman,Madhuri DixitSonakshi SinhaAlia BhattVarun DhawanAditya Roy KapurSanjay Dutt,"Drama, Romance, Musical, Historical","Fox Star Studios, Dharma Productions, Nadiadwala Grandson Entertainment","1,37,00,00,000","95,32,00,000","1,45,51,00,000",0.56,0.44,0.5599999999999999,0.44,1370000000.0,953200000.0,Flop
Blank,2019,M A Y,3,Behzad Khambata,Sunny DeolKaran KapadiaIshita Dutta,"Action, Thriller",Echelon Productions,"16,00,00,000","5,92,00,000","6,41,17,500",0.53,0.47,0.6799999999999999,0.32,160000000.0,59200000.0,Flop
Setters,2019,M A Y,3,Ashwini Chaudhary,Aftab ShivdasaniShreyas TalpadeSonnalli SeygallIshita DuttaPavan MalhotraVijay RaazJameel KhanManu Rishi,"Drama, Comedy, Thriller","Lovely Films Production House (P) Ltd., NH Studioz","11,00,00,000","84,00,000","84,00,000",0.44,0.56,0.44,0.56,110000000.0,8400000.0,Disaster
Chhota Bheem Kung Fu Dhamaka[a],2019,M A Y,10,Rajiv Chilaka,Parigna Pandya ShahJulie TejwaniPinky RajputRajesh Kava,"Animation, Adventure, Comedy, Family",Green Gold Animations,"20,00,00,000","3,30,00,000","3,30,00,000",0.51,0.49,0.8300000000000001,0.17,200000000.0,33000000.0,Flop
Student of the Year 2,2019,M A Y,10,Punit Malhotra,Tiger ShroffTara SutariaAnanya Panday,"Romantic comedy, Drama, Musical","Fox Star Studios, Dharma Productions","65,00,00,000","77,84,00,000","93,52,00,000",0.49,0.51,0.47,0.53,650000000.0,778400000.0,Average
Gunwali Dulhaniya,2019,M A Y,17,Shantanu Anant Tambe,Kanchan AwasthiMayur KumarElvis ChaturvediGovind NamdevBrijendra Kala,"Comedy, Romance, Drama",Passionwoald Entertainments,,"2,75,000","2,75,000",0.47,0.53,,,0.0,275000.0,
De De Pyaar De,2019,M A Y,17,Akiv Ali,Ajay DevgnTabuRakul Preet SinghJimmy Sheirgill,"Romantic Comedy, Drama","T-Series Films, Luv Films","78,00,00,000","1,11,28,00,000","1,31,02,00,000",0.45,0.55,0.62,0.38,780000000.0,1112800000.0,Hit
India's Most Wanted,2019,M A Y,24,Rajkumar Gupta,Arjun KapoorSudev NairRajesh SharmaPrashanth AlexanderShantilal Mukherjee,"Action, Thriller, Drama","Fox Star Studios, Raapchik Films","40,00,00,000","12,59,00,000","12,59,00,000",0.56,0.44,0.5,0.5,400000000.0,125900000.0,Flop
PM Narendra Modi,2019,M A Y,24,Omung Kumar,Vivek OberoiBoman IraniManoj JoshiBarkha SenguptaAanjjan SrivastavZarina WahabSuresh Oberoi,"Biography, Drama, Political","Legend Global Studio, Anand Pandit Motion Pictures, Panorama Studios","25,00,00,000","26,64,00,000","26,64,00,000",0.71,0.29,0.47,0.53,250000000.0,266400000.0,Flop
Yeh Hai India,2019,M A Y,24,Lomharsh,Gavie ChahalMohan AghasheMohan Joshi,"Drama, Action, Comedy",DLB Films,--,"6,50,000","6,50,000",0.42,0.58,,,0.0,650000.0,
Bharat,2019,J U N,5,Ali Abbas Zafar,Salman KhanTabuKatrina KaifSunil GroverDisha PataniAasif Sheikh,"Drama, Action, Adventure, Romance","T-Series Films, Salman Khan Films, Reel Life Productions","2,75,00,000","1,52,00,000","1,52,00,000",0.54,0.46,0.64,0.36,27500000.0,15200000.0,Disaster
Khamoshi,2019,J U N,14,Chakri Toleti,Prabhu DevaTamannaahBhumika Chawla,"Drama, Thriller, Musical",Pooja Entertainment,"12,00,00,000","12,86,00,000","13,41,80,000",0.46,0.54,0.9,0.1,120000000.0,128600000.0,Flop
Kissebaaz,2019,J U N,14,Annant Jaaitpaal,Pankaj TripathiAnupriya GoenkaEvelyn SharmaRahul BaggaMouli GangulyZakir HussainRajesh Sharma,"Comedy, Drama, Thriller","Experion Moviez, PVR Pictures",--,"11,75,000","11,75,000",0.45,0.55,0.35,0.65,0.0,1175000.0,
Kabir Singh,2019,J U N,21,Sandeep Vanga,Shahid KapoorKiara AdvaniSoham MajumdarArjan BajwaKamini KaushalNikita DuttaAmit SharmaKunal ThakurSwati SethAnusha SampathSuresh Oberoi,"Romance, Drama","T-Series Films, Cine1 Studios","68,00,00,000","3,25,37,00,000","3,73,49,87,500",0.63,0.37,0.65,0.35,680000000.0,3253700000.0,Superhit / Blockbuster
Article 15,2019,J U N,28,Anubhav Sinha,Ayushmann KhurranaIsha TalwarNassarManoj PahwaSayani GuptaKumud MishraMohammed Zeeshan Ayyub,"Drama, Thriller, Crime","Zee Studios, Benaras Media Works","30,00,00,000","76,48,00,000","91,79,80,000",0.45,0.55,0.75,0.25,300000000.0,764800000.0,Superhit / Blockbuster
Malaal,2019,J U L,5,Mangesh Hadawale,Meezaan JafferySharmin Segal,"Romance, Drama","T-Series Films, Bhansali Productions","16,00,00,000","3,70,00,000","3,70,00,000",0.76,0.24,0.52,0.48,160000000.0,37000000.0,Flop
One Day: Justice Delivered,2019,J U L,5,Ashok Nanda,Anupam KherEsha GuptaKumud Mishra,"Thriller, Drama, Crime",A Cinema Friday International Production,,,,0.51,0.49,0.43,0.57,0.0,0.0,
Hume Tumse Pyaar Kitna,2019,J U L,5,Lalit Mohan,Karanvir BohraPriya BanerjeeSamir KochharMahesh Balraj,"Romance, Drama",Belvie Productions,"3,00,00,000","19,75,000","19,75,000",0.28,0.72,0.0,1.0,30000000.0,1975000.0,Disaster
Marudhar Express,2019,J U L,5,Vishal Mishra,Kunaal Roy KapurTara Alisha BerryRajesh Sharma,"Comedy, Drama, Romance","Raywings Entertainment, Atharva Motion Pictures",,"6,50,000","6,50,000",0.51,0.49,,,0.0,650000.0,
Super 30,2019,J U L,12,Vikas Bahl,Hrithik RoshanMrunal ThakurAmit SadhPankaj Tripathi,"Biographical, Drama, Inspirational","Reliance Entertainment, HRX Films, Nadiadwala Grandson Entertainment, Phantom Films","1,20,00,00,000","1,70,05,20,000","2,05,34,55,000",0.59,0.41,0.74,0.26,1200000000.0,1700520000.0,Hit
Family of Thakurganj,2019,J U L,19,Manoj K. Jha,Jimmy SheirgillMahie GillSaurabh ShuklaSudhir PandeySupriya PilgaonkarPavan MalhotraMukesh TiwariNandish SinghYashpal SharmaPranati Rai PrakashRaj ZutshiSalil AcharyaManoj Pahwa,"Drama, Comedy, Action",Lovely World Entertainment,"15,00,00,000","49,00,000","49,00,000",0.56,0.44,0.5,0.5,150000000.0,4900000.0,Disaster
Jhootha Kahin Ka,2019,J U L,19,Smeep Kang,Rishi KapoorOmkar KapoorSunny SinghJimmy SheirgillLillete DubeyManoj Joshi,"Comedy, Drama",Soham Rockstar Entertainment,--,"2,86,00,000","2,86,00,000",0.46,0.54,0.65,0.35,0.0,28600000.0,
Judgementall Hai Kya,2019,J U L,26,Prakash Kovelamudi,Kangana RanautRajkummar RaoJimmy SheirgillAmyra DasturAmrita Puri,"Thriller, Comedy, Drama",Balaji Motion Pictures,"32,00,00,000","40,00,00,000","40,00,00,000",0.25,0.75,0.58,0.42,320000000.0,400000000.0,Average
Arjun Patiala,2019,J U L,26,Rohit Jugraj,Diljit DosanjhKriti SanonVarun SharmaRonit Roy,"Comedy, Action, Romance","T-Series Films, Maddock Films, Bake My Cake Films","24,00,00,000","7,28,00,000","7,28,00,000",0.43,0.57,0.41,0.59,240000000.0,72800000.0,Flop
Khandaani Shafakhana,2019,A U G,2,Shilpi Dasgupta,Sonakshi SinhaVarun SharmaAnnu KapoorBadshah,"Comedy, Drama","T-Series Films, Sundial Studios, Anand Pandit Motion Pictures","26,00,00,000","5,16,00,000","5,16,00,000",0.53,0.47,0.5900000000000001,0.41,260000000.0,51600000.0,Flop
Jabariya Jodi,2019,A U G,9,Prashant Singh,Sidharth MalhotraParineeti Chopra,"Romantic Comedy, Action, Drama","Balaji Motion Pictures, Karma Media & Entertainment","39,00,00,000","19,01,00,000","22,97,20,000",0.54,0.46,0.44,0.56,390000000.0,190100000.0,Flop
Chicken Curry Law,2019,A U G,9,Shekhar Sirrinn,Ashutosh RanaNivedita BhattacharyaMakrand DeshpandeZakir HussainAman VermaNatalia Janoszek,"Comedy, Drama, Social Issues",Panorama Studios,--,"11,75,000","11,75,000",0.44,0.56,,,0.0,1175000.0,
Pranaam,2019,A U G,9,Sanjiv Jaiswal,Rajeev KhandelwalSamekshaShaji ChaudharyAtul KulkarniAbhimanyu SinghVikram Gokhale,"Action, Drama, Thriller","Rudraksh Adventures Pvt. Ltd, Woodside Infrastructure Pvt. Ltd, Reel & Motion Pictures LLP.",--,"25,00,000","25,00,000",0.46,0.54,,,0.0,2500000.0,
Batla House,2019,A U G,15,Nikhil Advani,John AbrahamMrunal Thakur,"Action, Thriller, Drama","T-Series Films, Emmay Entertainment","56,00,00,000","1,00,41,00,000","1,12,87,87,500",0.52,0.48,0.6900000000000001,0.31,560000000.0,1004100000.0,Hit
Mission Mangal,2019,A U G,15,Jagan Shakti,Akshay KumarVidya BalanSharman JoshiSonakshi SinhaTaapsee PannuKirti KulhariNithya Menen,"Drama, Comedy, Biographical, Inspirational","Fox Star Studios, Cape of Good Films, Hope Productions","95,00,00,000","2,27,53,00,000","2,79,68,50,000",0.36,0.64,0.6900000000000001,0.31,950000000.0,2275300000.0,Superhit / Blockbuster
Saaho,2019,A U G,30,Sujeeth,PrabhasNeil Nitin MukeshShraddha KapoorJackie Shroff,"Action, Thriller, Science Fiction, Drama","T-Series Films, UV Creations","3,25,00,00,000","1,78,32,00,000","1,92,62,00,000",0.52,0.48,,,3250000000.0,1783200000.0,Flop
Chhichhore,2019,S E P,6,Nitesh Tiwari,Sushant Singh RajputShraddha KapoorVarun SharmaPrateik BabbarTahir Raj BhasinNaveen PolishettyTushar PandeySaharsh Shukla,"Comedy, Drama, Sports","Fox Star Studios, Nadiadwala Grandson Entertainment, Earthsky Pictures","53,00,00,000","1,72,64,00,000","2,03,63,37,500",0.53,0.47,0.77,0.23,530000000.0,1726400000.0,Superhit / Blockbuster
Dream Girl,2019,S E P,13,Raaj Shaandilyaa,Ayushmann KhurranaNushrat Bharucha,"Comedy, Romance",Balaji Motion Pictures,"36,00,00,000","1,63,58,00,000","1,95,43,70,000",0.5,0.5,0.67,0.33,360000000.0,1635800000.0,Superhit / Blockbuster
Section 375,2019,S E P,13,Ajay Bahl,Akshaye KhannaRicha ChadhaRahul BhatMeera Chopra,"Drama, Thriller, Crime","T-Series Films, Panorama Studios","17,00,00,000","12,87,00,000","15,02,25,000",0.65,0.35,0.75,0.25,170000000.0,128700000.0,Flop
Main Zaroor Aaunga,2019,S E P,19,Chandrakant Singh,"Arbaaz Khan, Aindrita Ray, Vikas Verma, Govind Namdev","Drama, Thriller, Romance",AShirwad CineVision Pvt Ltd,--,"8,65,000","8,65,000",0.47,0.53,0.1,0.9,0.0,865000.0,
The Zoya Factor,2019,S E P,20,Abhishek Sharma,Sonam KapoorDulquer SalmaanSanjay Kapoor,"Romantic Comedy, Drama, Sports","Fox Star Studios, Adlabs Films","33,00,00,000","3,49,00,000","6,18,80,000",0.49,0.51,0.5599999999999999,0.44,330000000.0,34900000.0,Flop
Pal Pal Dil Ke Paas,2019,S E P,20,Sunny Deol,Karan DeolSahher Bambba,"Romance, Drama","Zee Studios, Sunny Sounds","45,00,00,000","8,09,00,000","9,15,50,000",0.44,0.56,0.58,0.42,450000000.0,80900000.0,Flop
Prassthanam,2019,S E P,20,Deva Katta,Sanjay DuttManisha KoiralaJackie ShroffChunky PandeyAli FazalAmyra DasturSatyajeet Dubey,"Drama, Action, Thriller","NH Studioz, Sanjay Dutt Productions","39,00,00,000","6,58,00,000","7,57,40,000",0.34,0.66,0.71,0.29,390000000.0,65800000.0,Flop
War,2019,O C T,2,Siddharth Anand,Hrithik RoshanTiger ShroffVaani Kapoor,"Action, Thriller, Adventure",Yash Raj Films,"2,05,00,00,000","3,44,58,00,000","4,42,41,80,000",0.57,0.43,0.65,0.35,2050000000.0,3445800000.0,Hit
The Sky Is Pink,2019,O C T,11,Shonali Bose,Priyanka ChopraFarhan AkhtarZaira WasimRohit Suresh Saraf,"Drama, Biographical, Romance","RSVP Movies, Roy Kapur Films, SK Global Entertainment, Purple Pebble Pictures","42,00,00,000","23,56,00,000","33,85,60,000",0.58,0.42,0.79,0.21,420000000.0,235600000.0,Flop
Ghost,2019,O C T,18,Vikram Bhatt,Sanaya IraniShivam Bhaargava,"Horror, Thriller, Supernatural",Pooja Entertainment,"9,00,00,000","9,44,00,000","9,44,00,000",0.6,0.4,0.52,0.48,90000000.0,94400000.0,Flop
Laal Kaptaan,2019,O C T,18,Navdeep Singh,Saif Ali KhanManav VijZoya HussainDeepak DobriyalSimone Singh,"Action, Drama, Adventure, Historical","Eros International, Colour Yellow Productions","41,00,00,000","3,16,00,000","3,61,98,750",0.79,0.21,0.71,0.29,410000000.0,31600000.0,Flop
P Se Pyaar F Se Faraar,2019,O C T,18,Manoj Tiwari,Jimmy SheirgillKumud MishraBhavesh Kumar,"Comedy, Romance, Drama","OK Movies, PVR Pictures,",,"91,00,000","91,00,000",0.46,0.54,1.0,0.0,0.0,9100000.0,
Yaaram,2019,O C T,18,Ovais Khan,Prateik BabbarSiddhanth KapoorIshita Raj Sharma,"Drama, Romance, Thriller",Yashavvi Films,,"9,75,000","9,75,000",0.58,0.42,0.0,1.0,0.0,975000.0,
Officer Arjun Singh IPS Batch 2000,2019,O C T,18,Arshad Siddiqui,Priyanshu ChatterjeeRaai Laxmi,"Action, Drama, Thriller",Shreya Films International,"5,00,00,000","1,37,500","1,37,500",0.53,0.47,,,50000000.0,137500.0,Disaster
Jacqueline I Am Coming,2019,O C T,18,Banty Dubey,"Raghubir Yadav, Diiva Dhanoya, Shakti Kumar","Drama, Thriller",MD Production,--,"1,45,000","1,45,000",0.62,0.38,1.0,0.0,0.0,145000.0,
Housefull 4,2019,O C T,25,Farhad Samji,Akshay KumarRitesh DeshmukhBobby DeolKriti SanonPooja HegdeKriti KharbandaChunky PandeyRanjeetRana Daggubati,"Comedy, Fantasy, Adventure","Fox Star Studios, Nadiadwala Grandson Entertainment","1,62,00,00,000","2,46,52,00,000","2,94,80,00,000",0.61,0.39,0.5900000000000001,0.41,1620000000.0,2465200000.0,Hit
Made in China,2019,O C T,25,Mikhil Musale,Rajkummar RaoMouni RoyBoman IraniGajraj RaoSumeet VyasAmyra DasturParesh Rawal,"Comedy, Drama, Satire","Jio Studios, Maddock Films","30,00,00,000","12,46,00,000","14,44,80,000",0.5,0.5,0.5599999999999999,0.44,300000000.0,124600000.0,Flop
Saand Ki Aankh,2019,O C T,25,Tushar Hiranandani,Bhumi PednekarTaapsee PannuPrakash JhaVineet Kumar Singh,"Biographical, Drama, Sports","Reliance Entertainment, Chalk 'N' Cheese Film Productions","25,00,00,000","27,65,00,000","30,49,00,000",0.63,0.37,0.71,0.29,250000000.0,276500000.0,Flop
Drive,2019,N O V,1,Tarun Mansukhani,Sushant Singh RajputJacqueline FernandezVikramjeet VirkSapna PabbiBoman IraniPankaj Tripathi,"Action, Thriller, Drama","Dharma Productions, Netflix","7,50,00,000",,,0.59,0.41,0.51,0.49,75000000.0,0.0,Disaster
Ujda Chaman,2019,N O V,1,Abhishek Pathak,Sunny SinghMaanvi GagrooKarishma SharmaAishwarya Sakhuja,"Comedy, Drama, Romance","Panorama Studios, PVR Pictures","18,00,00,000","11,96,00,000","11,96,00,000",0.45,0.55,0.62,0.38,180000000.0,119600000.0,Flop
Bala,2019,N O V,8,Amar Kaushik,Ayushmann KhurranaBhumi PednekarYami GautamSaurabh ShuklaJaved JaffreySeema Pahwa,"Comedy, Drama, Social Issues","Maddock Films, Jio Studios","32,00,00,000","1,31,00,00,000","1,31,00,00,000",0.47,0.53,0.6599999999999999,0.34,320000000.0,1310000000.0,Superhit / Blockbuster
Bypass Road,2019,N O V,8,Naman Nitin Mukesh,Neil Nitin MukeshAdah SharmaShama SikanderGul PanagRajit KapurSudhanshu Pandey,"Thriller, Mystery, Drama","Miraj Creations, NNM Films","25,00,00,000","1,18,00,000","1,18,00,000",0.48,0.52,0.53,0.47,250000000.0,11800000.0,Disaster
Moothon,2019,N O V,8,Geetu Mohandas,Nivin PaulySanjana DipuShashank AroraSobhita DhulipalaDileesh PothanJim SarbhRoshan Mathew,"Drama, Thriller, Crime","Mini Studio, JAR Pictures","7,00,00,000","1,20,00,000","1,20,00,000",0.46,0.54,,,70000000.0,12000000.0,Disaster
Satellite Shankar,2019,N O V,8,Irfan Kamal,Sooraj PancholiMegha Akash,"Action, Drama, Adventure","T-Series Films, Cine1 Studios","20,00,00,000","50,00,000","50,00,000",0.59,0.41,0.78,0.22,200000000.0,5000000.0,Disaster
Jhalki,2019,N O V,14,Brahmanand S. Siingh,Boman IraniTannishtha ChatterjeeDivya DuttaSanjay SuriYatin KaryekarAkhilendra MishraGovind NamdevJoy Sengupta,"Drama, Social Issues",Mobius Films,"10,00,00,000","8,75,000","8,75,000",0.7,0.3,0.73,0.27,100000000.0,875000.0,Disaster
Keep Safe Distance,2019,N O V,15,Raama Mehra,Kiran KumarShahbaz Khan,"Drama, Thriller",Rama Dhanraj Production,"2,50,00,000","1,75,000","1,75,000",0.43,0.57,,,25000000.0,175000.0,Disaster
Marjaavaan,2019,N O V,15,Milap Milan Zaveri,Sidharth MalhotraRiteish DeshmukhTara SutariaRakul Preet Singh,"Action, Drama, Romance, Thriller","T-Series Films, Emmay Entertainment","38,00,00,000","54,38,00,000","54,38,00,000",0.45,0.55,0.74,0.26,380000000.0,543800000.0,Hit
Motichoor Chaknachoor,2019,N O V,15,Debamitra Biswal,Nawazuddin SiddiquiAthiya Shetty,"Comedy, Drama, Romance","Viacom18 Motion Pictures, Woodpecker Movies","19,00,00,000","2,78,00,000","2,78,00,000",0.44,0.56,0.61,0.39,190000000.0,27800000.0,Disaster
Marne Bhi Do Yaaron,2019,N O V,15,Kashmera Shah,Krishna AbhishekKashmera ShahRishaab Chauhaan,"Comedy, Drama",Boo Filmz,,"6,20,000","6,20,000",0.6,0.4,0.0,1.0,0.0,620000.0,
Pagalpanti,2019,N O V,22,Anees Bazmee,Anil KapoorJohn AbrahamIleana D'CruzArshad WarsiPulkit SamratKriti KharbandaUrvashi RautelaSaurabh Shukla,"Comedy, Action, Adventure","T-Series Films, Panorama Studios","72,00,00,000","40,43,00,000","49,54,22,500",0.49,0.51,0.51,0.49,720000000.0,404300000.0,Flop
Commando 3,2019,N O V,29,Aditya Datt,Vidyut JammwalAdah SharmaAngira DharGulshan Devaiah,"Action, Thriller, Adventure","Motion Pictures Capital, Reliance Entertainment","29,00,00,000","38,60,00,000","42,50,50,000",0.41,0.59,0.7,0.3,290000000.0,386000000.0,Average
Yeh Saali Aashiqui,2019,N O V,29,Cherag Ruparel,Vardhan PuriShivaleeka Oberoi,"Romance, Thriller, Drama","Pen Studios, Amrish Puri Films","2,50,00,000","70,00,000","70,00,000",0.49,0.51,0.8800000000000001,0.12,25000000.0,7000000.0,Disaster
Panipat,2019,D E C,6,Ashutosh Gowariker,Sanjay DuttArjun KapoorKriti SanonMohnish Bahl,"Historical, Drama, War","Ashutosh Gowariker Productions, Vision World Films","92,00,00,000","40,24,00,000","40,24,00,000",0.54,0.46,0.63,0.37,920000000.0,402400000.0,Flop
Pati Patni Aur Woh,2019,D E C,6,Mudassar Aziz,Kartik AaryanBhumi PednekarAnanya Panday,"Comedy, Romance, Drama","T-Series Films, B.R. Studios","43,00,00,000","95,28,00,000","1,09,88,62,500",0.47,0.53,0.64,0.36,430000000.0,952800000.0,Superhit / Blockbuster
Mardaani 2,2019,D E C,13,Gopi Puthran,Rani MukerjiVikram Singh ChauhanShruti BapnaRajesh SharmaSudhanshu Pandey,"Action, Thriller, Drama",Yash Raj Films,"27,00,00,000","54,58,00,000","63,73,56,250",0.43,0.57,0.71,0.29,270000000.0,545800000.0,Superhit / Blockbuster
The Body,2019,D E C,13,Jeethu Joseph,Emraan HashmiRishi KapoorVedhikaSobhita Dhulipala,"Thriller, Mystery, Drama","Viacom18 Motion Pictures, Azure Entertainment","19,00,00,000","3,98,00,000","3,98,00,000",0.49,0.51,0.54,0.46,190000000.0,39800000.0,Flop
Dabangg 3,2019,D E C,20,Prabhu Deva,Salman KhanSonakshi SinhaSudeepSaiee ManjrekarArbaaz Khan,"Action, Comedy, Drama, Thriller","Salman Khan Films, Arbaaz Khan Production, Saffron Broadcast & Media","1,78,00,00,000","1,61,06,00,000","2,17,84,62,500",0.57,0.43,0.55,0.45,1780000000.0,1610600000.0,Flop
Line of Descent,2019,D E C,20,Rohit Karn Batra,Brendan FraserAbhay DeolRonit RoyNeeraj KabiPrem ChopraAli Haji,"Action, Drama, Thriller","Brillstein Entertainment Partners, Invisible Man Pictures, Level Street Pictures","36,00,00,000","2,54,000","2,54,000",0.77,0.23,0.54,0.46,360000000.0,254000.0,Disaster
Happi,2019,D E C,25,Bhavna Talwar,Pankaj KapoorSupriya PathakHrishitaa Bhatt,"Drama, Comedy","Vistaar Religare Film Fund, WSG Pictures","3,00,00,000",,,0.42,0.58,0.8,0.2,30000000.0,0.0,Disaster
Good Newwz,2019,D E C,27,Raj Mehta,Akshay KumarKareena KapoorDiljit DosanjhKiara Advani,"Comedy, Drama, Romance","Zee Studios, Dharma Productions, Cape of Good Films","1,17,00,00,000","2,29,39,00,000","3,04,27,37,500",0.72,0.28,0.6799999999999999,0.32,1170000000.0,2293900000.0,Hit
Ghost Stories,2020,J A N,1,Karan JoharDibakar BanerjeeZoya AkhtarAnurag Kashyap,Sobhita DhulipalaMrunal ThakurAvinash TiwaryJanhvi KapoorSurekha SikriRaghuvir YadavGulshan DevaiahVijay VarmaPavail GulatiJyoti SubhashEva Ameet PardeshiKitu GidwaniSumit Tandon,"Horror, Thriller, Anthology","RSVP Movies, Flying Unicorn Entertainment, Tiger Baby Films, Big Bad Wolf, JAR Pictures, The Monsoon Media & Entertainment, Dharma Productions, Netflix",,,,0.49,0.51,0.5,0.5,0.0,0.0,
Bhangra Paa Le,2020,J A N,3,Sneha Taurani,Sunny KaushalRukshar DhillonShriya Pilgaonkar,"Comedy, Drama, Musical, Dance",RSVP Movies,"15,00,00,000","77,00,000","77,00,000",0.47,0.53,0.53,0.47,150000000.0,7700000.0,Disaster
Sab Kushal Mangal,2020,J A N,3,Karan Vishwanath Kashyap,Akshaye KhannaRiva KishanPriyank Sharma,"Comedy, Romance, Drama",One Up Entertainment,"15,00,00,000","70,00,000","70,00,000",0.44,0.56,0.0,1.0,150000000.0,7000000.0,Disaster
Shimla Mirchi,2020,J A N,3,Ramesh Sippy,Hema MaliniRajkummar RaoRakul Preet Singh,"Romantic Comedy, Drama","Viacom18 Motion Pictures, Ramesh Sippy Entertainment",--,"2,05,000","2,05,000",0.56,0.44,0.0,1.0,0.0,205000.0,
Half Widow,2020,J A N,6,Danish Renzu,Neelofar HamidShahnawaz BhatMir SarwarHaseena Sofi,"Drama, Romance, Thriller","Renzu Films, Gaya Art Films",,,,0.47,0.53,,,0.0,0.0,
Chhapaak,2020,J A N,10,Meghna Gulzar,Deepika PadukoneVikrant Massey,"Drama, Biographical, Social Issues","Fox Star Studios, Ka Productions, Mriga Films","50,00,00,000","38,07,00,000","49,78,50,000",0.45,0.55,0.76,0.24,500000000.0,380700000.0,Flop
Tanhaji,2020,J A N,10,Om Raut,Ajay DevgnSaif Ali KhanKajolSharad Kelkar,"Action, Historical, Drama, War","T-Series Films, Ajay Devgn FFilms","1,72,00,00,000","3,25,76,00,000","3,58,77,75,000",0.34,0.66,,,1720000000.0,3257600000.0,Hit
Bunker,2020,J A N,17,Jugal Raja,Abhijeet SinghArindita Kalita,"Thriller, Drama, Action",Wagging Tail Entertainment,--,"1,17,500","1,17,500",0.42,0.58,0.8,0.2,0.0,117500.0,
Jai Mummy Di,2020,J A N,17,Navjot Gulati,Sunny SinghSonnalli SeygallPoonam DhillonSupriya Pathak,"Comedy, Romance","T-Series Films, Luv Films","14,00,00,000","2,83,00,000","3,18,25,000",0.48,0.52,0.61,0.39,140000000.0,28300000.0,Disaster
Panga,2020,J A N,24,Ashwiny Iyer Tiwari,Kangana RanautJassi GillRicha ChadhaNeena Gupta,"Drama, Sports, Comedy",Fox Star Studios,"1,00,00,000","7,000","7,000",0.57,0.43,0.67,0.33,10000000.0,7000.0,Disaster
Street Dancer 3D,2020,J A N,24,Remo D'Souza,Varun DhawanShraddha KapoorPrabhu DevaNora FatehiAparshakti KhuranaMurali SharmaRaghav JuyalDharmesh YelandePunit PathakJigar RupareliyaSonam Bajwa,"Dance, Musical, Drama, Comedy","T-Series Films, Remo D'Souza Entertainment",,870000000,1020000000,0.44,0.56,0.71,0.29,0.0,870000000.0,
Gul Makai,2020,J A N,31,H.E. Amjad khan,Reem ShaikhAtul KulkarniDivya DuttaOm PuriArif ZakariaMukesh RishiAbhimanyu SinghPankaj Tripathi,"Drama, Biography, Historical","Pen Studios, Tekno Films",--,"7,10,000","7,10,000",0.4,0.6,0.0,1.0,0.0,710000.0,
Happy Hardy and Heer,2020,J A N,31,Raka,Himesh ReshammiyaSonia Mann,"Romantic, Comedy, Musical","HR Musik Limited, EYKA Films","7,00,00,000","14,50,000","14,50,000",0.55,0.45,0.2,0.8,70000000.0,1450000.0,Disaster
Jawaani Jaaneman,2020,J A N,31,Nitin Kakkar,Saif Ali KhanTabuAlaya Furniturewala,"Comedy, Drama, Romance","Pooja Entertainment, Black Knight Films, Northern Lights Films","34,00,00,000","28,83,00,000","39,05,45,000",0.44,0.56,0.61,0.39,340000000.0,288300000.0,Flop
Pagleaazam,2020,J A N,31,"Vikas P Kavvthekaar, Aps Raghuvanshi",Aditya Pratap SinghMandeep Kaur MannnatSonia SharmaLiliputFaruqueRavi MannAbhinaye SharmaSahil PatelAmber Upadhyay,"Comedy, Drama",Aps Entertainment,,,,0.53,0.47,,,0.0,0.0,
Operation Parindey,2020,F E B,4,Sanjay Gadhvi,Amit SadhRahul DevAakash DahiyaRucha Inamdar,"Action, Thriller, Drama","Final Coast, Fluence Studios, Roll Kamera Motion Pictures, ZEE5",,,,0.52,0.48,0.3,0.7,0.0,0.0,
Hacked,2020,F E B,7,Vikram Bhatt,Hina KhanRohan ShahMohit MalhotraSid Makkar,"Thriller, Horror, Drama","Zee Studios, Loneranger Productions","4,50,00,000","1,82,00,000","1,82,00,000",0.45,0.55,0.7,0.3,45000000.0,18200000.0,Disaster
Kaanchli Life in a Slough,2020,F E B,7,Dedipya Joshii,Sanjay MishraShikha Malhotra,"Drama, Comedy",Pisceann Pictures,,,,0.54,0.46,,,0.0,0.0,
Malang,2020,F E B,7,Mohit Suri,Aditya Roy KapurDisha PataniAnil KapoorElli AvrRamKunal Khemu,"Action, Thriller, Romance","T-Series Films, Luv Films, Northern Lights Films","64,00,00,000","68,82,00,000","83,42,62,500",0.4,0.6,0.71,0.29,640000000.0,688200000.0,Flop
Yahan Sabhi Gyani Hain,2020,F E B,7,Anant Tripathi,Neeraj SoodApoorva AroraAtul Srivastav,"Drama, Comedy","Ulterior Vision Production Private Limited, The Future Films",--,"1,75,000","1,75,000",0.53,0.47,,,0.0,175000.0,
Shikara,2020,F E B,7,Vidhu Vinod Chopra,Aadil KhanSadia Khateeb,"Drama, Romance, Historical","Fox Star Studios, Vinod Chopra Films","14,00,00,000","8,49,00,000","8,49,00,000",0.47,0.53,0.5,0.5,140000000.0,84900000.0,Flop
Khawab Sare Jhoothey,2020,F E B,14,Deepak Baldev Thakur,Harsh KumarTullika Singh,"Drama, Romance, Musical","Glitters Film Academy, AG Entertainment",,,,0.48,0.52,,,0.0,0.0,
Love Aaj Kal,2020,F E B,14,Imtiaz Ali,Kartik AaryanSara Ali KhanRandeep Hooda,"Romance, Drama, Comedy","Pen Studios, Window Seat Films, Reliance Entertainment, Maddock Films, Jio Studios","56,00,00,000","89,26,00,000","1,19,51,75,000",0.42,0.58,0.61,0.39,560000000.0,892600000.0,Hit
Shukranu,2020,F E B,14,Bishnu Dev Halder,DivyennduShweta Basu PrasadSheetal Thakur,"Comedy, Drama","Reliance Entertainment, ZEE5",,,,0.64,0.36,0.6799999999999999,0.32,0.0,0.0,
Bhoot – Part One: The Haunted Ship,2020,F E B,21,Bhanu Pratap Singh,Vicky KaushalBhumi Pednekar,"Horror, Thriller, Supernatural","Zee Studios, Dharma Productions",,,,0.42,0.58,0.5900000000000001,0.41,0.0,0.0,
The Hundred Bucks,2020,F E B,21,Dushyant Pratap Singh,Kavita TripathiDinesh BawraJaid Shaikh,"Drama, Comedy","A Reel and Motion Picture, Dushyant Corporation",--,"1,12,500","1,12,500",0.49,0.51,0.0,1.0,0.0,112500.0,
Shubh Mangal Zyada Saavdhan,2020,F E B,21,Hitesh Kewalya,Ayushmann KhurranaJitendra KumarGajraj RaoNeena GuptaManurishi ChaddhaSunita RajwarMaanvi GagrooPankhuri AwasthyNeeraj Singh,"Comedy, Drama, Romance","T-Series Films, Colour Yellow Productions","48,00,00,000","69,27,00,000","83,33,30,000",0.51,0.49,0.6,0.4,480000000.0,692700000.0,Hit
Yeh Ballet,2020,F E B,21,Sooni Taraporevala,Julian SandsAchintya BoseManish Chauhan,"Drama, Dance, Biographical","Roy Kapur Films, Netflix",,,,0.27,0.73,0.75,0.25,0.0,0.0,
Doordarshan,2020,F E B,28,Gagan Puri,Mahie GillManu Rishi ChaddhaDolly AhluwaliaSupriya ShuklaRajesh SharmaMehak ManwaniSumit Gulati,"Comedy, Drama",Arya Films,--,"19,00,000","19,00,000",0.57,0.43,,,0.0,1900000.0,
Guns of Banaras,2020,F E B,28,Sekhar Suri,Karan NathNathalia KaurAbhimanyu SinghGanesh VenkatramanShilpa ShirodkarZarina WahabMohan AgasheTej Sapru,"Action, Thriller, Drama","AJ Media Corp, Dashaka Cinema Co.",--,"27,00,000","27,00,000",0.22,0.78,0.0,1.0,0.0,2700000.0,
Haunted Hills,2020,F E B,28,Sanjeev Kumar Rajput,Zuber K. KhanDiana Khan,"Horror, Thriller","RSBS Films, UFO Moviez",--,"4,00,000","4,00,000",0.44,0.56,,,0.0,400000.0,
O Pushpa I Hate Tears,2020,F E B,28,Dinkar Kapoor,Krushna AbhishekKarthik JayaramArjumman Mughal,"Comedy, Drama","Films@50, Wavelength Studios",--,"2,60,000","2,60,000",0.34,0.66,1.0,0.0,0.0,260000.0,
Thappad,2020,F E B,28,Anubhav Sinha,Taapsee PannuPavail GulatiMaya SaraoNaila Grewal,"Drama, Social Issues","T-Series Films, Benaras Media Works","24,00,00,000","35,13,00,000","43,77,35,000",0.21,0.79,0.71,0.29,240000000.0,351300000.0,Hit
Dheet Patangey,2020,M A R,2,Ravi Adhikari,Shivin NarangChandan Roy SanyalAli MuradHardik SanghaniTillotama ShomePriya Banerjee,"Comedy, Drama","Happi Digital, Hotstar",,,,0.53,0.47,0.0,1.0,0.0,0.0,
Baaghi 3,2020,M A R,6,Ahmed Khan,Tiger ShroffRiteish DeshmukhShraddha KapoorAnkita Lokhande,"Action, Thriller, Drama","Fox Star Studios, Nadiadwala Grandson Entertainment","85,00,00,000","1,10,56,00,000","1,35,91,75,000",0.54,0.46,0.6799999999999999,0.32,850000000.0,1105600000.0,Average
Guilty,2020,M A R,6,Ruchi Narain,Kiara AdvaniAkansha Ranjan KapoorGurfateh Singh PirzadaTaher ShabbirDalip TahilKunal VijaykarManu RishiJanya JoshiChayan Chopra,"Drama, Thriller, Mystery","Dharmatic Entertainment, Netflix",,,,0.22,0.78,0.67,0.33,0.0,0.0,
Kaamyaab,2020,M A R,6,Hardik Mehta,Sanjay MishraDeepak Dobriyal,"Drama, Comedy","Red Chillies Entertainment, Drishyam Films",,19000000,20000000,0.79,0.21,0.63,0.37,0.0,19000000.0,
Angrezi Medium,2020,M A R,13,Homi Adajania,Irrfan KhanKareena KapoorRadhika MadanDeepak DobriyalPankaj Tripathi,"Comedy, Drama","Jio Studios, Maddock Films","36,00,00,000","10,72,00,000","10,72,00,000",0.42,0.58,0.71,0.29,360000000.0,107200000.0,Flop
Maska,2020,M A R,27,Neeraj Udhwani,Manisha KoiralaNikita DuttaJaved JaffreyPrit KamaniShirley Setia,"Comedy, Drama, Romance","Mutant Films, Netflix",,,,0.59,0.41,0.5599999999999999,0.44,0.0,0.0,
Bamfaad,2020,A P R,10,Ranjan Chandel,Aditya RawalShalini PandeyVijay Varma,"Action, Drama, Romance","JAR Pictures, ZEE5",,,,0.26,0.74,0.6,0.4,0.0,0.0,
Ateet,2020,A P R,21,Tanuj Bhramar,PriyamaniSanjay SuriRajeev Khandelwal,"Drama, Thriller, Mystery","Funtime Entertainment, Indian Film Studios, ZEE5",,,,0.41,0.59,0.0,1.0,0.0,0.0,
Mrs. Serial Killer,2020,M A Y,1,Shirish Kunder,Jacqueline FernandezManoj BajpayeeMohit RainaZayn Marie,"Thriller, Crime, Drama","Three's Company Productions, Netflix",,,,0.49,0.51,0.63,0.37,0.0,0.0,
Court Martial,2020,M A Y,6,Sourabh Srivastava,Rajeev KhandelwalSaksham DaymaSwapnil Kotiwar,"Drama, Thriller","Zee Theatre, Iris Productions",,,,0.41,0.59,0.0,1.0,0.0,0.0,
What Are the Odds,2020,M A Y,20,Megha Ramaswamy,Yashaswini DayamaKaranvir MalhotraAbhay Deol,"Drama, Comedy, Romance","FilmKaravan, Netflix",,,,0.32,0.68,,,0.0,0.0,
Ghoomketu,2020,M A Y,22,Pushpendra Nath Misra,Nawazuddin SiddiquiRagini KhannaRicha ChadhaAnurag KashyapDeepika AminRaghuvir YadavIla ArunSwanand Kirkire,"Comedy, Drama, Adventure","Sony Pictures Networks Productions, Phantom Films, ZEE5",,,,0.59,0.41,0.61,0.39,0.0,0.0,
Chippa,2020,J U N,1,Safdar Rehman,Sunny PawarJoyraj BhattacharyaSumeet ThakurGautam SarkarMasood AkhtarKalpan Mitra,"Drama, Family","Traveling Light Pictures, Ultra Media & Entertainment, Victory Media, Wishberry Films",,,,0.51,0.49,0.6,0.4,0.0,0.0,
Chintu Ka Birthday,2020,J U N,5,Devanshu KumarSatyanshu Singh,Vinay PathakTillotama ShomeNate Scholz,"Comedy, Drama, Family","Final Draft, ZEE5,",--,"4,75,000","4,75,000",0.25,0.75,0.76,0.24,0.0,475000.0,
Choked,2020,J U N,5,Anurag Kashyap,Saiyami KherRoshan MathewAmruta SubhashRajshri Deshpande,"Drama, Thriller","JAR Pictures, Good Bad Films, Netflix",,,,0.44,0.56,,,0.0,0.0,
Axone,2020,J U N,12,Nicholas Kharkongor,Dolly AhluwaliaSayani GuptaTenzin DalhaVinay PathakLin LaishramAsenla JamirLanuakum Ao,"Comedy, Drama","Saregama India, Yoodlee Films",,,,0.41,0.59,0.55,0.45,0.0,0.0,
Gulabo Sitabo,2020,J U N,12,Shoojit Sircar,Farrukh JaffarAmitabh BachchanAyushmann KhurranaVijay RaazBrijendra KalaNalneesh Neel,"Comedy, Drama","Rising Sun Films, Kino Works, Amazon Prime Video",,,,0.27,0.73,0.5700000000000001,0.43,0.0,0.0,
Kadakh,2020,J U N,18,Rajat Kapoor,Kalki KoechlinRanvir ShoreyShruti SethManoj PahwaTara SharmaCyrus SahukarMansi Multani,"Drama, Comedy","Mithya Talkies, Sony LIV",,,,0.31,0.69,0.5599999999999999,0.44,0.0,0.0,
Chaman Bahaar,2020,J U N,19,Apurva Dhar Badgaiyann,Jitendra KumarRitika Badiani,"Comedy, Drama, Romance","Yoodlee Films, Saregama India",,,,0.49,0.51,0.51,0.49,0.0,0.0,
Bulbbul,2020,J U N,24,Anvita Dutt,Tripti DimriAvinash TiwaryRahul BoseParambrata ChatterjeePaoli Dam,"Horror, Fantasy, Drama, Thriller","Clean Slate Filmz, Netflix",,,,0.52,0.48,0.67,0.33,0.0,0.0,
Bhonsle,2020,J U N,26,Devashish Makhija,Manoj BajpayeeSantosh JuvekarIpshita Chakraborty SinghAbhishek Banerjee,"Drama, Thriller, Social Issues","Muvizz, Sony LIV",,,,0.5,0.5,0.64,0.36,0.0,0.0,
Unlock,2020,J U N,27,Debatma Mandal,Kushal TandonHina KhanRishabh SinhaAditi Arya,"Thriller, Horror, Drama","Krasnaya Corporation, Wind Horse Films, ZEE5",,,,0.75,0.25,0.75,0.25,0.0,0.0,
Virgin Bhanupriya,2020,J U L,16,Ajay Lohan,Urvashi RautelaGautam Gulati,"Comedy, Drama, Romance","Dhariwal Films, ZEE5",,,,0.28,0.72,0.0,1.0,0.0,0.0,
Dil Bechara,2020,J U L,24,Mukesh Chhabra,Sushant Singh RajputSanjana SanghiSaif Ali KhanSahil VaidSaswata Chatterjee,"Romance, Drama","Fox Star Studios, Disney+ Hotstar","2,00,00,000","68,00,000","68,00,000",0.46,0.54,0.6799999999999999,0.32,20000000.0,6800000.0,Disaster
Yaara,2020,J U L,30,Tigmanshu Dhulia,Vidyut JammwalShruti HaasanAmit SadhVijay VarmaKenny Basumatary,"Action, Drama, Crime","Tigmanshu Dhulia Films, Azure Entertainment, ZEE5","35,00,000","4,25,000","4,25,000",0.55,0.45,0.62,0.38,3500000.0,425000.0,Disaster
Khuda Haafiz,2020,A U G,14,Faruk Kabir,Vidyut JammwalShivaleeka OberoiAnnu KapoorShiv PandittAahana Kumra,"Action, Thriller, Drama","Panorama Studios, Disney+ Hotstar","30,00,00,000","15,10,00,000","15,10,00,000",0.59,0.41,0.6799999999999999,0.32,300000000.0,151000000.0,Flop
Sir,2020,N O V,13,Rohena Gera,Tillotama ShomeVivek Gomber,"Drama, Romance",Platoon Films,"3,00,00,000","55,50,000","55,50,000",0.46,0.54,0.72,0.28,30000000.0,5550000.0,Disaster
Suraj Pe Mangal Bhari,2020,N O V,15,Abhishek Sharma,Manoj BajpayeeDiljit DosanjhFatima Sana Shaikh,"Comedy, Drama, Romance",Zee Studios,"21,00,00,000","6,35,00,000","8,34,80,000",0.47,0.53,0.6599999999999999,0.34,210000000.0,63500000.0,Flop
Indoo Ki Jawani,2020,D E C,11,Abir Sengupta,Kiara AdvaniAditya Seal,"Comedy, Romance, Drama","T-Series Films, Electric Apples Entertainment, Emmay Entertainment",--,"1,24,00,000","1,42,43,750",0.46,0.54,0.35,0.65,0.0,12400000.0,
Coolie No. 1,2020,D E C,25,David Dhawan,Varun DhawanSara Ali KhanRajat Rawail,"Comedy, Romance, Family","Pooja Entertainment, Amazon Prime Video","3,50,00,000","20,96,00,000","21,22,98,750",0.56,0.44,0.55,0.45,35000000.0,209600000.0,Superhit / Blockbuster
Kaagaz,2021,J A N,7,Satish Kaushik,Pankaj TripathiMonal GajjarAmar UpadhyayTina AhujaLankesh Bhardwaj,"Drama, Biography","Salman Khan Films, The Satish Kaushik Entertainment, ZEE5","4,00,00,000","48,00,000","48,00,000",0.55,0.45,0.67,0.33,40000000.0,4800000.0,Disaster
The Power,2021,J A N,14,Mahesh Manjrekar,Vidyut JammwalShruti HaasanMahesh ManjrekarZakir HussainSachin KhedekarJisshu SenguptaPrateik BabbarYuvika Chaudhary,"Action, Thriller, Drama","Zee Plex, Pen Studios, Galani Entertainment, ZEE5","20,00,000","7,50,000","7,50,000",0.49,0.51,0.67,0.33,2000000.0,750000.0,Disaster
Jamun,2021,J A N,21,Gaurav Mehra,Raghubir YadavShweta Basu PrasadSunny HindujaSaurabh GoyalKrishna Singh BishtBijou ThaangjamSusheel Parashar,"Drama, Comedy","Filmwala Factory, Spark Kreation, Eros Now",,,,0.58,0.42,0.7,0.3,0.0,0.0,
Madam Chief Minister,2021,J A N,22,Subhash Kapoor,Richa ChaddaManav KaulAkshay OberoiSaurabh Shukla,"Drama, Political, Social","T-Series Films, Kangra Talkies","14,00,00,000","58,00,000","58,00,000",0.46,0.54,0.58,0.42,140000000.0,5800000.0,Disaster
Roohi,2021,M A R,11,Hardik Mehta,Rajkummar RaoJanhvi KapoorVarun Sharma,"Horror, Comedy, Fantasy","Maddock Films, Jio Studios","2,60,00,000","27,45,00,000","31,45,12,500",0.52,0.48,0.43,0.57,26000000.0,274500000.0,Superhit / Blockbuster
Time to Dance,2021,M A R,12,Stanley D'Costa,Sooraj PancholiIsabelle KaifWaluscha De Sousa,"Dance, Musical, Drama, Romance",T Films UK Limited,"18,67,00,000","1,00,000","1,20,000",0.29,0.71,0.4,0.6,186700000.0,100000.0,Disaster
Ahaan,2021,M A R,19,Nikhil Pherwani,Arif ZakariaAbuli MamajiNiharika SinghPlabita BorthakurRajit Kapur,"Drama, Romance, Thriller",Willl Finds Way Films,,300000,300000,0.2,0.8,0.6,0.4,0.0,300000.0,
Mumbai Saga,2021,M A R,19,Sanjay Gupta,John AbrahamEmraan HashmiSuniel ShettyKajal AggarwalPrateik BabbarRohit RoyAnjana SukhaniSamir SoniAmole GupteGulshan GroverMahesh Manjrekar,"Action, Crime, Drama","T-Series Films, White Feather Films","64,00,00,000","20,61,00,000","24,01,75,000",0.42,0.58,0.5599999999999999,0.44,640000000.0,206100000.0,Flop
Sandeep Aur Pinky Faraar,2021,M A R,19,Dibakar Banerjee,Arjun KapoorParineeti Chopra,"Comedy, Drama, Thriller","Yash Raj Films, DBP","20,00,00,000","40,00,000","58,12,500",0.54,0.46,0.65,0.35,200000000.0,4000000.0,Disaster
The Wife,2021,M A R,19,Sarmad Khan,Gurmeet ChoudharySayani Datta,"Drama, Thriller, Romance","ZEE5, Zee Studios","10,00,00,000",,,0.64,0.36,0.1,0.9,100000000.0,0.0,Disaster
Switchh,2021,M A R,21,Mustufa Raj,Vikrant MasseyNaren KumarMadhu SnehaTanvi VyasVeer AryanNiten Mirani,"Thriller, Drama, Mystery","Eros Now, Nine Hope Productions",,,,0.45,0.55,0.8,0.2,0.0,0.0,
D Company,2021,M A R,26,Ram Gopal Varma,Ashwat Kanth Sharma.Abhilash ChaudharyPranay DixitRudra KanthNaina GangulyIrra Mor,"Crime, Thriller, Drama",Spark Productions,,,,0.64,0.36,0.5,0.5,0.0,0.0,
Pagglait,2021,M A R,26,Umesh Bist,Sanya MalhotraShruti SharmaSayani GuptaAshutosh RanaRaghubir YadavRajesh TailangSheeba ChaddhaMeghna Malik,"Comedy, Drama","Balaji Motion Pictures, Sikhya Entertainment, Netflix","10,00,00,000",,,0.23,0.77,0.67,0.33,100000000.0,0.0,Disaster
Raag,2021,M A R,26,Arvind Tripathi,Rajpal YadavHeena PanchalMilind GunajiMohan JoshiYashpal SharmaRakesh BediSudha ChandranMushtaq KhanBharti Soni,"Drama, Musical, Comedy",Hari Kripa Films,"95,00,000","1,18,00,000","1,18,00,000",0.55,0.45,,,9500000.0,11800000.0,Disaster
Saina,2021,M A R,26,Amole Gupte,Parineeti ChopraManav KaulParesh Rawal,"Biography, Sports, Drama","T-Series Films, Front Foot Pictures, Amole Gupte Cinema","26,00,00,000","1,50,00,000","1,51,45,000",0.47,0.53,0.63,0.37,260000000.0,15000000.0,Disaster
Silence... Can You Hear It?,2021,M A R,26,Aban Bharucha Deohans,Manoj BajpayeePrachi DesaiArjun MathurSahil VaidVaquarBarkha SinghShirish SharmaSohaila KapoorAmit ThakkarGarima Yagnik,"Thriller, Mystery, Drama","Zee Studios, Candid Creations, ZEE5",,,,0.31,0.69,0.62,0.38,0.0,0.0,
Flight,2021,A P R,2,Suraj Joshi,Mohit ChaddaPavan MalhotraZakir HussainVivek VaswaniShibani BediPritam Singh,"Thriller, Drama","Reliance Entertainment, Crazy Boyz Entertainment","7,00,00,000",--,--,0.52,0.48,1.0,0.0,70000000.0,0.0,Disaster
Koi Jaane Na,2021,A P R,2,Amin Hajee,Kunal KapoorAmyra Dastur,"Thriller, Drama, Mystery","T-Series Films, Amin Hajee Film Company","10,00,00,000","22,00,000","22,00,000",0.24,0.76,0.67,0.33,100000000.0,2200000.0,Disaster
The Big Bull,2021,A P R,8,Kookie Gulati,Abhishek BachchanIleana D'CruzSohum ShahNikita Dutta,"Drama, Thriller, Biographical","Ajay Devgn FFilms, Anand Pandit Motion Pictures, Disney+ Hotstar",,,,0.41,0.59,0.53,0.47,0.0,0.0,
Hello Charlie,2021,A P R,9,Pankaj Saraswat,Aadar JainJackie ShroffElnaaz NorouziShlokka Pandit,"Comedy, Adventure, Family","Excel Entertainment, Amazon Prime Video","17,00,00,000",,,0.59,0.41,0.6599999999999999,0.34,170000000.0,0.0,Disaster
99 Songs[b],2021,A P R,16,Vishwesh Krishnamoorthy,Ehan BhatEdilsy VargasTenzin DalhaAditya SealLisa RayManisha Koirala,"Musical, Romance, Drama","Jio Studios, YM Movies, Ideal Entertainment","7,00,00,000",,"8,60,000",0.54,0.46,,,70000000.0,0.0,Disaster
Aa Bhi Ja O Piya,2021,A P R,16,Rajesh Harivansh Mishra,Dev SharmaSmriti KashyapMukul NagRakesh ShrivastavSanjeeb Dasgupta,"Romance, Drama",Johar Entertainment,"10,00,00,000","19,25,00,000",,0.58,0.42,0.0,1.0,100000000.0,192500000.0,Hit
Ajeeb Daastaans,2021,A P R,16,Shashank KhaitanRaj MehtaNeeraj GhaywanKayoze Irani,Fatima Sana ShaikhJaideep AhlawatNushrratt BharucchaAbhishek BanerjeeInayat VermaKonkona Sen SharmaAditi Rao HydariShefali ShahManav KaulTota Roy Chowdhury,"Drama, Anthology, Romance, Thriller","Dharmatic Entertainment, Netflix",,,,0.22,0.78,0.65,0.35,0.0,0.0,
Bansuri: The Flute,2021,A P R,16,Hari Viswanath,Anurag KashyapRituparna SenguptaUpendra Limaye,"Drama, Musical, Romance","Vision 3 Global Pvt Ltd, HarryToonz Studio","5,00,00,000",,,0.64,0.36,,,50000000.0,0.0,Disaster
Raat Baaki Hai,2021,A P R,16,Avinash Das,Paoli DamAnup SoniRahul DevDipannita Sharma,"Thriller, Mystery, Drama",ZEE5,"50,00,000","1,40,000","1,40,000",0.41,0.59,0.6,0.4,5000000.0,140000.0,Disaster
B.A. Pass 3,2021,M A Y,1,Narendra Singh,Sunny SachdevaAnkita ChouhanArmaan SandhuAnkita SahuArjun FauzdarNamish AnandAmanda BhogalYash Gulati,"Drama, Thriller, Romance",FilmyBOX,,,,0.43,0.57,0.5700000000000001,0.43,0.0,0.0,
Meel Patthar,2021,M A Y,7,Ivan Ayr,Suvinder VickyLakshvir Saran,"Drama, Road Movie","Jabberwockee Talkies, Netflix",,,,0.59,0.41,,,0.0,0.0,
Hum Bhi Akele Tum Bhi Akele,2021,M A Y,9,Harish Vyas,Zareen KhanAnshuman JhaGurfateh PirzadaJahnvi RawatDenzil Smith,"Drama, Romance, Comedy","First Ray Films, Disney+ Hotstar","6,00,00,000",,,0.44,0.56,0.6,0.4,60000000.0,0.0,Disaster
Radhe,2021,M A Y,13,Prabhu Deva,Salman KhanDisha PataniJackie ShroffRandeep HoodaMegha Akash,"Action, Thriller, Drama","Salman Khan Films, Zee Studios, Sohail Khan Productions, Reel Life Production, ZEE5, Zee Plex","2,90,00,00,000","20,93,00,000","20,93,00,000",0.46,0.54,0.45,0.55,2900000000.0,209300000.0,Flop
Sardar Ka Grandson,2021,M A Y,18,Kaashvie Nair,Arjun KapoorRakul Preet SinghNeena GuptaJohn AbrahamAditi Rao HydariSoni RazdanKanwaljit SinghKumud Mishra,"Comedy, Drama, Romance","T-Series Films, JA Entertainment, Emmay Entertainment, Netflix",,,,0.47,0.53,0.76,0.24,0.0,0.0,
Shaadisthan,2021,J U N,11,Raj Singh Chaudhary,Kirti KulhariMedha ShankrNivedita Bhattacharya,"Drama, Comedy, Musical","Opticus INC, Famous Studios, Disney+ Hotstar",,,,0.57,0.43,0.7,0.3,0.0,0.0,
Skater Girl,2021,J U N,11,Manjari Makijany,Rachel Sanchita GuptaShraddha GaikwadAmrit MagheraWaheeda Rehman,"Drama, Sports, Family","Skatepark Films, Mac Productions, Netflix","83,50,00,000",,,0.25,0.75,,,835000000.0,0.0,Disaster
Sherni,2021,J U N,18,Amit V. Masurkar,Vidya BalanSharat SaxenaMukul ChaddhaVijay RaazIla ArunBrijendra KalaNeeraj Kabi,"Drama, Adventure, Thriller","T-Series Films, Abundantia Entertainment, Critical Mass Films, Amazon Prime Video,","20,00,00,000",,,0.55,0.45,0.64,0.36,200000000.0,0.0,Disaster
Haseen Dillruba,2021,J U L,2,Vinil Mathew,Taapsee PannuVikrant MasseyHarshvardhan Rane,"Thriller, Mystery, Romance","T-Series Films, Colour Yellow Productions, Eros International, Netflix","39,00,00,000",,,0.35,0.65,0.65,0.35,390000000.0,0.0,Disaster
Collar Bomb,2021,J U L,9,Dnyanesh Zoting,Jimmy SheirgillAsha NegiRajshri Deshpande,"Thriller, Drama, Crime","Yoodlee Films, 3 Earth Entertainment, Disney+ Hotstar",,,,0.59,0.41,0.4,0.6,0.0,0.0,
State of Siege: Temple Attack,2021,J U L,9,Ken Ghosh,Akshaye KhannaAbhimanyu SinghGautam RodeVivek DahiyaAkshay OberoiParvin DabasSamir SoniMir SarwarManjari Fadnis,"Action, Thriller, Drama","Contiloe Pictures, ZEE5",,,,0.57,0.43,0.53,0.47,0.0,0.0,
Toofaan,2021,J U L,16,Rakeysh Omprakash Mehra,Farhan AkhtarParesh RawalMrunal Thakur,"Drama, Sports, Action","Excel Entertainment, ROMP Pictures Amazon Prime Video",,3800000,3800000,0.52,0.48,0.49,0.51,0.0,3800000.0,
14 Phere,2021,J U L,23,Devanshu Singh,Vikrant MasseyKriti Kharbanda,"Romantic Comedy, Drama","Zee Studios, ZEE5",,,,0.48,0.52,0.67,0.33,0.0,0.0,
Hungama 2,2021,J U L,23,Priyadarshan,Paresh RawalShilpa ShettyMeezaan JafriPranitha SubhashRajpal YadavTiku TalsaniaAshutosh RanaManoj JoshiJohny Lever,"Comedy, Family","Venus Worldwide Entertainment, Disney+ Hotstar","20,00,00,000",,"44,00,000",0.3,0.7,0.54,0.46,200000000.0,0.0,Disaster
Mimi,2021,J U L,26,Laxman Utekar,Kriti SanonPankaj TripathiSai TamhankarManoj PahwaSupriya Pathak,"Comedy, Drama","Maddock Originals, Jio Studios, Netflix, JioCinema","25,00,00,000",,,0.65,0.35,0.6799999999999999,0.32,250000000.0,0.0,Disaster
Dial 100,2021,A U G,6,Rensil D'Silva,Manoj BajpayeeNeena GuptaSakshi Tanwar,"Thriller, Drama","Sony Pictures Films India, Alchemy Films, ZEE5","25,00,000","15,50,000","15,50,000",0.62,0.38,0.0,1.0,2500000.0,1550000.0,Disaster
Oye Mamu,2021,A U G,6,Vikram Singh,Ruslaan MumtazKulraj Randhawa,"Comedy, Drama",Fourth Wall Entertainment,,,,0.59,0.41,,,0.0,0.0,
Shershaah,2021,A U G,12,Vishnuvardhan,Sidharth MalhotraKiara AdvaniShiv PandittRaj ArjunPranay PachauriHimmanshoo A. MalhotraNikitin DheerAnkita GorayaAnil CharanjeettSahil VaidShataf FigarPawan Chopra,"Action, Drama, War, Biography","Dharma Productions, Kaash Entertainment, Amazon Prime Video","50,00,00,000",,,0.49,0.51,0.74,0.26,500000000.0,0.0,Disaster
Bhuj: The Pride of India,2021,A U G,13,Abhishek Dudhaiya,Ajay DevgnSanjay DuttSharad KelkarSonakshi SinhaAmmy VirkPranitha SubhashNora FatehiIhana Dhillon,"Action, Drama, War, Historical","T-Series Films, Ajay Devgn FFilms, Select Media Holdings, Disney+ Hotstar","1,30,00,00,000",,,0.3,0.7,0.62,0.38,1300000000.0,0.0,Disaster
Bell Bottom,2021,A U G,19,Ranjit M Tewari,Akshay KumarVaani KapoorHuma QureshiLara Dutta,"Action, Thriller, Drama","Pooja Entertainment, Emmay Entertainment","1,68,00,00,000","39,08,00,000","53,28,80,000",0.79,0.21,0.64,0.36,1680000000.0,390800000.0,Flop
200 – Halla Ho,2021,A U G,20,Sarthak Dasgupta,Amol PalekarBarun SobtiRinku RajguruSahil KhattarSaloni BatraIndraneil SenguptaUpendra Limaye,"Drama, Thriller, Social Issues","Saregama, Yoodlee Films, ZEE5","5,00,00,000",,,0.63,0.37,,,50000000.0,0.0,Disaster
Chehre,2021,A U G,27,Rumi Jafry,Amitabh BachchanEmraan HashmiKrystle D'SouzaRhea ChakrabortySiddhanth KapoorAnnu KapoorDhritiman ChatterjeeRaghubir Yadav,"Thriller, Mystery, Drama","Anand Pandit Motion Pictures, Saraswati Entertainment, Jannock Films","30,00,00,000","5,93,00,000","8,26,60,000",0.4,0.6,0.6599999999999999,0.34,300000000.0,59300000.0,Flop
Helmet,2021,S E P,3,Satramm Ramani,Aparshakti KhuranaPranutan BahlAbhishek BanerjeeAshish VermaDino MoreaSharib Hashmi,"Comedy, Drama","Sony Pictures Networks Productions, DM Movies, ZEE5","10,00,00,000",,,0.6,0.4,0.6,0.4,100000000.0,0.0,Disaster
Faactory,2021,S E P,3,Faisal Khan,Faisal KhanRoaleey RyanRajkumar KanojiaRibbhu MehraSharad SinghAsha Singh,"Drama, Thriller, Mystery",M S Films and Productions,"1,00,00,000","3,50,000","3,50,000",0.37,0.63,0.1,0.9,10000000.0,350000.0,Disaster
Bhoot Police,2021,S E P,10,Pavan Kirpalani,Saif Ali KhanArjun KapoorJacqueline FernandezYami GautamJaved Jaffrey,"Horror Comedy, Supernatural, Adventure","Tips Industries, 12th Street Entertainment, Disney+ Hotstar","40,00,00,000",,,0.61,0.39,0.54,0.46,400000000.0,0.0,Disaster
Kya Meri Sonam Gupta Bewafa Hai?,2021,S E P,10,Ssaurabh Tyagi,Jassie GillSurbhi JyotiSurekha SikriVijay RaazBrijendra KalaAtul Shrivastava,"Romantic Comedy, Drama","Pen Studios, ZEE5",,,,0.47,0.53,0.6,0.4,0.0,0.0,
Thalaivii[c],2021,S E P,10,A. L. Vijay,Kangana RanautArvind Swami,"Biographical, Drama, Musical","Vibri Motion Pictures, Karma Media And Entertainment, Zee Studios, Gothic Entertainment, Sprint Films","1,00,00,00,000",,"5,66,00,000",0.54,0.46,,,1000000000.0,0.0,Disaster
Urf Ghanta,2021,S E P,10,Aayush Saxena,Jitu ShivhareRavi Kishan,"Comedy, Drama","ShemarooMe, SRMD Entertainment, Biiggbang",--,--,--,0.64,0.36,0.0,1.0,0.0,0.0,
Ankahi Kahaniya,2021,S E P,17,Ashwiny Iyer TiwariAbhishek ChaubeySaket Chaudhary,Abhishek BanerjeeRinku RajguruDelzad HiwaleKunal KapoorZoya HussainNikhil DwivediPalomi Ghosh,"Drama, Romance, Anthology","RSVP Movies, Flying Unicorn Entertainment, Earthsky Pictures, MacGuffin Pictures, Slugline Films, Netflix",,,,0.47,0.53,0.65,0.35,0.0,0.0,
Haathi Mere Saathi[d],2021,S E P,18,Prabhu Solomon,Rana DaggubatiPulkit SamratShriya Pilgaonkar,"Adventure, Drama, Family","Eros International, Eros Now","60,00,00,000","7,90,00,000","8,40,00,000",0.72,0.28,0.6799999999999999,0.32,600000000.0,79000000.0,Flop
Shiddat,2021,O C T,1,Kunal Deshmukh,Sunny KaushalRadhika MadanMohit RainaDiana Penty,"Romance, Drama","T-Series Films, Maddock Films, Disney+ Hotstar","15,00,00,000",,,0.48,0.52,0.78,0.22,150000000.0,0.0,Disaster
Sumeru,2021,O C T,1,Avinash Dhyani,Avinash DhyaniSanskriti BhattShagufta Ali,"Drama, Adventure, Fantasy",Padmasiddhi Films,--,--,--,0.47,0.53,,,0.0,0.0,
Rashmi Rocket,2021,O C T,15,Akarsh Khurana,Taapsee PannuPriyanshu PainyuliAbhishek BanerjeeShweta TripathiSupriya Pathak,"Drama, Sports, Comedy","RSVP Movies, Mango People Media, ZEE5","25,00,00,000",,,0.53,0.47,0.76,0.24,250000000.0,0.0,Disaster
Sanak,2021,O C T,15,Kanishk Varma,Vidyut JammwalRukmini MaitraNeha DhupiaChandan Roy SanyalChandan RoyAmole Gupte,"Action, Thriller","Zee Studios, Sunshine Pictures, Disney+ Hotstar","35,00,000","3,25,000","3,25,000",0.24,0.76,0.61,0.39,3500000.0,325000.0,Disaster
Sardar Udham,2021,O C T,16,Shoojit Sircar,Vicky KaushalBanita Sandhu,"Biographical, Historical, Drama, Thriller","Rising Sun Films, Kino Works, Amazon Prime Video","30,00,00,000",,,0.54,0.46,0.72,0.28,300000000.0,0.0,Disaster
Bhavai,2021,O C T,22,Hardik Gajjar,Pratik GandhiAindrita Ray,"Drama, Romance, Thriller","Pen Studios, Hardik Gajjar Films, Backbencher Pictures","90,00,000","57,00,000","57,00,000",0.76,0.24,0.0,1.0,9000000.0,5700000.0,Disaster
Babloo Bachelor,2021,O C T,22,Agnidev Chatterjee,Sharman JoshiPooja ChopraTejashri Pradhan,"Comedy, Romance, Drama",Rafat Films,"10,00,00,000",--,--,0.42,0.58,0.0,1.0,100000000.0,0.0,Disaster
Aafat-E-Ishq,2021,O C T,29,Indrajit Nattoji,Neha SharmaDeepak DobriyalNamit DasIla ArunAmit Sial,"Comedy, Drama, Romance, Thriller","Zee Studios, ZEE5",,,,0.43,0.57,0.4,0.6,0.0,0.0,
Bekhudi,2021,O C T,29,Amit Kasaria,Adhyayan SumanAngelGulki Joshi,"Romance, Drama","Dreamspark Movies, Vijay Arts",--,600000,600000,0.61,0.39,1.0,0.0,0.0,600000.0,
Dybbuk,2021,O C T,29,Jay K,Emraan HashmiNikita DuttaManav Kaul,"Horror, Thriller","T-Series Films, Panorama Studios, Amazon Prime Video","12,00,00,000",,,0.6,0.4,0.5599999999999999,0.44,120000000.0,0.0,Disaster
Hum Do Hamare Do,2021,O C T,29,Abhishek Jain,Rajkummar RaoKriti SanonParesh RawalRatna Pathak Shah,"Comedy, Family, Drama","Maddock Films, Disney+ Hotstar","25,00,00,000",,,0.57,0.43,0.5700000000000001,0.43,250000000.0,0.0,Disaster
Meenakshi Sundareshwar,2021,N O V,5,Vivek Soni,Abhimanyu DassaniSanya Malhotra,"Romantic Comedy, Drama","Dharmatic Entertainment, Netflix","10,00,00,000",,,0.59,0.41,0.53,0.47,100000000.0,0.0,Disaster
Sooryavanshi,2021,N O V,5,Rohit Shetty,Akshay KumarKatrina KaifAjay DevgnRanveer SinghJaaved JaaferiJackie ShroffGulshan Grover,"Action, Drama, Thriller, Comedy","Reliance Entertainment, Dharma Productions, Cape of Good Films, Rohit Shetty Picturez","2,50,00,00,000","2,36,84,00,000","2,98,83,87,500",0.42,0.58,0.58,0.42,2500000000.0,2368400000.0,Flop
Squad,2021,N O V,12,Nilesh Sahay,Rinzing DenzongpaMalvika RaajPooja BatraMohan KapoorAmit Gaur,"Action, Adventure, Drama","Zee Studios, Indian Media Entertainment, ZEE5",,,,0.4,0.6,0.0,1.0,0.0,0.0,
Bunty Aur Babli 2,2021,N O V,19,Varun V. Sharma,Saif Ali KhanRani MukerjiSiddhant ChaturvediSharvari Wagh,"Comedy, Crime, Drama",Yash Raj Films,"45,00,00,000","14,20,00,000","21,60,00,000",0.38,0.62,0.6799999999999999,0.32,450000000.0,142000000.0,Flop
Dhamaka,2021,N O V,19,Ram Madhvani,Kartik Aaryan Mrunal ThakurAmruta SubhashVikas KumarVishwajeet Pradhan,"Thriller, Drama","RSVP Movies, Ram Madhvani Films, Lotte Entertainment, Globalgate Entertainment, Lionsgate, Netflix","40,00,00,000","36,58,00,000",45000000,0.57,0.43,0.6900000000000001,0.31,400000000.0,365800000.0,Flop
Cash,2021,N O V,19,Rishab Seth,Amol ParasharSmiriti KalraSwanand KirkireGulshan GroverKavin Dave,"Comedy, Drama, Thriller","Vishesh Bhatt Production, Disney+ Hotstar","32,00,00,000","26,00,00,000","29,30,05,000",0.3,0.7,0.7,0.3,320000000.0,260000000.0,Flop
Ye Mard Bechara,2021,N O V,19,Anuup Thapa,Veeraj RaoManukriti PahwaSeema PahwaManikk ChaudharyBrijendra KalaAtul SrivastavaSapna Sand,"Comedy, Drama","2Idiot Films, Raw Entertainment","10,00,00,000","4,00,000",--,0.45,0.55,0.0,1.0,100000000.0,400000.0,Disaster
Satyameva Jayate 2,2021,N O V,25,Milap Zaveri,John AbrahamDivya Khosla Kumar,"Action, Drama, Thriller","T-Series Films, Emmay Entertainment","89,00,00,000","15,68,00,000","17,40,50,000",0.53,0.47,0.54,0.46,890000000.0,156800000.0,Flop
Antim: The Final Truth,2021,N O V,26,Mahesh Manjrekar,Salman KhanAayush SharmaMahima Makwana,"Action, Drama, Crime","Salman Khan Films, Zee Studios","39,06,00,000","46,50,00,000","59,11,00,000",0.43,0.57,,,390600000.0,465000000.0,Average
Tadap,2021,D E C,3,Milan Luthria,Ahan ShettyTara Sutaria,"Romance, Action, Drama","Fox Star Studios, Nadiadwala Grandson Entertainment","20,00,000","16,50,000","16,50,000",0.59,0.41,0.7,0.3,2000000.0,1650000.0,Disaster
Chandigarh Kare Aashiqui,2021,D E C,10,Abhishek Kapoor,Ayushmann KhurranaVaani Kapoor,"Romantic Comedy, Drama","T-Series Films, Guy in the Sky Pictures","40,00,00,000","33,64,00,000","41,23,00,00",0.26,0.74,0.61,0.39,400000000.0,336400000.0,Flop
Velle,2021,D E C,10,Deven Munjal,Karan DeolAbhay DeolMouni RoyAnya Singh,"Comedy, Drama, Adventure","Ajay Devgn FFilms, Intercut Entertainment","11,00,00,000","59,00,000","59,00,000",0.45,0.55,0.7,0.3,110000000.0,5900000.0,Disaster
Code Name Abdul,2021,D E C,10,Eshwar Gunturu,Tanishaa Mukerji,"Action, Thriller, Drama","Avantika Productions, Mise en Scene Films","5,00,00,000",,--,0.56,0.44,0.0,1.0,50000000.0,0.0,Disaster
420 IPC,2021,D E C,17,Manish Gupta,Vinay PathakRanvir ShoreyGul PanagRohan Mehra,"Crime, Thriller, Drama","Zee Studios, Kyoorius Digital P.L, ZEE5",,,,0.48,0.52,0.0,1.0,0.0,0.0,
83,2021,D E C,24,Kabir Khan,Ranveer SinghDeepika PadukoneTahir Raj BhasinJiivaSaqib SaleemAmmy VirkHarrdy Sandhu,"Drama, Sports, Biography","KA Productions, Kabir Khan Films, Vibri Motion Pictures, Nadiadwala Grandson Entertainment, Reliance Entertainment, Phantom Films","2,60,00,00,000","1,23,64,00,000","1,86,96,50,000",0.43,0.57,0.71,0.29,2600000000.0,1236400000.0,Flop
Atrangi Re,2021,D E C,24,Aanand L. Rai,DhanushSara Ali KhanAkshay Kumar,"Romance, Drama, Musical, Fantasy","T-Series Films, Colour Yellow Productions, Cape of Good Films, Disney+ Hotstar","45,00,00,000",,"2,00,00,000",0.47,0.53,0.6900000000000001,0.31,450000000.0,0.0,Disaster
Hai Tujhe Salaam India,2022,J A N,26,Avanish Kumar,Aarya BabbarAjaz KhanSmita GondkarKanwalpreet SinghSalamn Bhatt,"Drama, Action, Sports",Redwood Productions,,,,0.31,0.69,,,0.0,0.0,
Badhaai Do,2022,F E B,11,Harshavardhan Kulkarni,Rajkummar RaoBhumi Pednekar,"Comedy, Drama, Romance",Junglee Pictures,"35,00,00,000","22,67,00,000","22,67,00,000",0.54,0.46,0.6799999999999999,0.32,350000000.0,226700000.0,Flop
Gangubai Kathiawadi,2022,F E B,25,Sanjay Leela Bhansali,Alia BhattAjay DevgnShantanu MaheshwariVijay RaazSeema PahwaVarun Kapoor,"Biographical, Drama, Crime","Pen Studios, Bhansali Productions","1,81,00,00,000","1,51,38,00,000","2,06,65,80,000",0.42,0.58,0.74,0.26,1810000000.0,1513800000.0,Flop
Jhund,2022,M A R,4,Nagraj Manjule,Amitabh BachchanAkash ThosarRinku Rajguru,"Drama, Sports, Biography","T-Series Films, Tandav Film Entertainment, Cloud 9 Pictures, Aatpaat Films","38,00,00,000","17,13,00,000","17,13,00,000",0.45,0.55,0.67,0.33,380000000.0,171300000.0,Flop
Toolsidas Junior,2022,M A R,4,Mridul,Sanjay DuttRajiv KapoorVarun Buddhadev,"Drama, Sports","T-Series Films, Ashutosh Gowariker Productions","10,00,00,000",,,0.5,0.5,0.75,0.25,100000000.0,0.0,Disaster
Radhe Shyam[a],2022,M A R,11,Radha Krishna Kumar,PrabhasPooja Hegde,"Romance, Drama, Fantasy","T-Series Films, UV Creations",,,,0.58,0.42,,,0.0,0.0,
The Kashmir Files,2022,M A R,11,Vivek Agnihotri,Mithun ChakrabortyAnupam KherDarshan KumarPallavi JoshiChinmay Mandlekar,"Drama, Thriller, Historical","Zee Studios, Abhishek Agarwal Arts, I Am Buddha Production","25,00,00,000","1,95,36,00,000","2,37,61,40,000",0.79,0.21,0.71,0.29,250000000.0,1953600000.0,Superhit / Blockbuster
Bachchhan Paandey,2022,M A R,18,Farhad Samji,Akshay KumarKriti SanonJacqueline FernandezArshad Warsi,"Action, Comedy, Drama",Nadiadwala Grandson Entertainment,"1,82,00,00,000","59,37,00,000","73,06,00,000",0.46,0.54,0.53,0.47,1820000000.0,593700000.0,Flop
Jalsa,2022,M A R,18,Suresh Triveni,Vidya BalanShefali Shah,"Drama, Thriller","T-Series Films, Abundantia Entertainment, Amazon Prime Video","25,00,000","2,50,000","2,50,000",0.53,0.47,0.64,0.36,2500000.0,250000.0,Disaster
Sharmaji Namkeen,2022,M A R,31,Hitesh Bhatia,Rishi KapoorParesh RawalJuhi Chawla,"Comedy, Drama","Excel Entertainment, MacGuffin Pictures, Amazon Prime Video","20,00,00,000",,,0.66,0.34,0.6799999999999999,0.32,200000000.0,0.0,Disaster
Attack: Part 1,2022,A P R,1,Lakshya Raj Anand,John AbrahamJacqueline FernandezRakul Preet Singh,"Action, Thriller, Sci-Fi","Pen Studios, JA Entertainment, Ajay Kapoor Productions",,,,0.34,0.66,0.0,1.0,0.0,0.0,
Kaun Pravin Tambe?,2022,A P R,1,Jayprad Desai,Shreyas Talpade,"Biography, Drama, Sports","Fox Star Studios, Friday Filmworks, Bootroom Sports, Disney+ Hotstar",,"1,00,000",,0.58,0.42,0.74,0.26,0.0,100000.0,
Cobalt Blue,2022,A P R,2,Sachin Kundalkar,Prateik BabbarNeelay MehendaleAnjali SivaramanNeil BhoopalamAnant V JoshiPoornima Indrajith,"Drama, Romance, Coming-of-Age","Open Air Films, Netflix",,,,0.3,0.7,0.64,0.36,0.0,0.0,
Dasvi,2022,A P R,7,Tushar Jalota,Abhishek BachchanYami GautamNimrat Kaur,"Comedy, Drama","Jio Studios, Maddock Films, Bake My Cake Films, Netflix, JioCinema","4,00,00,000","1,97,00,000","1,97,00,000",0.23,0.77,0.55,0.45,40000000.0,19700000.0,Disaster
Hurdang,2022,A P R,8,Nikhil Nagesh Bhat,Sunny KaushalNushrratt BharucchaVijay Varma,"Drama, Romance, Action","T-Series Films, Karma Media and Entertainment",,,,0.5,0.5,0.5,0.5,0.0,0.0,
Jersey,2022,A P R,22,Gowtam Tinnanuri,Shahid KapoorMrunal ThakurPankaj Kapur,"Drama, Sports","Allu Entertainment, Dil Raju Production, Sithara Entertainments, Brat Films","95,00,00,000","24,45,00,000","30,03,45,000",0.41,0.59,0.7,0.3,950000000.0,244500000.0,Flop
Operation Romeo,2022,A P R,22,Shashant Shah,Sidhant GuptaVedika PintoSharad KelkarBhumika ChawlaKishor Kadam,"Thriller, Drama, Crime","Reliance Entertainment, Friday Filmworks, Plan C Studios",,,,0.43,0.57,0.62,0.38,0.0,0.0,
Runway 34,2022,A P R,29,Ajay Devgn,Amitabh BachchanAjay DevgnRakul Preet SinghBoman Irani,"Thriller, Drama, Aviation","Bombay Stencil, Good Karma Films, White Falcon Films, Ajay Devgn FFilms","1,05,00,00,000","40,08,00,000","54,71,00,000",0.46,0.54,0.64,0.36,1050000000.0,400800000.0,Flop
Heropanti 2,2022,A P R,29,Ahmed Khan,Tiger ShroffNawazuddin SiddiquiTara Sutaria,"Action, Romance, Drama",Nadiadwala Grandson Entertainment,"1,00,00,00,000","30,11,00,000","36,27,00,000",0.41,0.59,0.5900000000000001,0.41,1000000000.0,301100000.0,Flop
Mere Desh Ki Dharti,2022,M A Y,6,Faraz Haider,DivyennduAnupriya GoenkaAnant VidhaatInaamulhaqBrijendra Kala,"Drama, Comedy, Social Issues",Carnival Motion Pictures,"10,00,00,000",,,0.49,0.51,0.72,0.28,100000000.0,0.0,Disaster
Thar,2022,M A Y,6,Raj Singh Chaudhary,Anil KapoorHarshvardhan KapoorFatima Sana Shaikh,"Action, Thriller, Drama, Western","Anil Kapoor Film & Communication Network, Netflix","15,00,00,000",,,0.64,0.36,0.62,0.38,150000000.0,0.0,Disaster
Jayeshbhai Jordaar,2022,M A Y,13,Divyang Thakkar,Ranveer SinghShalini PandeyBoman IraniRatna Pathak Shah,"Comedy, Drama, Social Issues",Yash Raj Films,"86,00,00,000","19,98,00,000","27,58,00,000",0.41,0.59,0.6,0.4,860000000.0,199800000.0,Flop
Bhool Bhulaiyaa 2,2022,M A Y,20,Anees Bazmee,Kartik AaryanTabuKiara Advani,"Comedy, Horror, Mystery","T-Series Films, Cine1 Studios","90,00,00,000","2,18,83,00,000","2,63,81,20,000",0.55,0.45,0.62,0.38,900000000.0,2188300000.0,Superhit / Blockbuster
Dhaakad,2022,M A Y,20,Razy Ghai,Kangana RanautArjun RampalDivya Dutta,"Action, Thriller, Drama","Soham Rockstar Entertainment, Sohel Maklai Productions, Asylum Films","93,00,00,000","2,75,00,000","3,55,32,500",0.41,0.59,0.4599999999999999,0.54,930000000.0,27500000.0,Disaster
Anek,2022,M A Y,27,Anubhav Sinha,Ayushmann Khurrana,"Drama, Thriller, Political","T-Series Films, Benaras Media Works","47,00,00,000","8,37,00,000","10,87,25,000",0.48,0.52,0.62,0.38,470000000.0,83700000.0,Flop
Love In Ukraine,2022,M A Y,27,Nitin Kumar Gupta,Vipin KaushikAnastasia,"Romance, Drama","Neole Films, Kamal Entertainment","8,00,00,000",,,0.22,0.78,0.0,1.0,80000000.0,0.0,Disaster
Dehati Disco,2022,M A Y,27,Manoj Sharma,Ganesh AcharyaRavi KishanManoj JoshiRajesh SharmaRemo D'Souza,"Comedy, Musical, Drama","Panorama Studios, Qureshi Productions, One Entertainment Film Productions, V2S Entertainment, AA Prachi Movies","10,00,00,000","10,00,000",,0.47,0.53,,,100000000.0,1000000.0,Disaster
Haemolymph,2022,M A Y,27,Sudarshan Gamare,Riyaz AnwarRuchira JadhavRohit KokateNeelam Kulkarni,"Drama, Thriller, Mystery","Ticket Bari Productions, AB Films Entertainment, Adiman Films, ND9 Studios","3,00,00,000","50,000",,0.44,0.56,,,30000000.0,50000.0,Disaster
Samrat Prithviraj,2022,J U N,3,Chandraprakash Dwivedi,Akshay KumarSanjay DuttSonu SoodManushi Chhillar,"Historical, Action, Drama",Yash Raj Films,"2,00,00,00,000","81,61,00,000","90,97,00,000",0.56,0.44,0.72,0.28,2000000000.0,816100000.0,Flop
Major[a],2022,J U N,3,Sashi Kiran Tikka,Adivi SeshSobhita DhulipalaSaiee ManjrekarPrakash RajRevathi,"Biographical, Action, Drama","Sony Pictures India, G. Mahesh Babu Entertainment, A+S Movies","25,00,00,000","45,20,00,000","58,20,00,000",0.51,0.49,,,250000000.0,452000000.0,Hit
Janhit Mein Jaari,2022,J U N,10,Jai Basantu Singh,Nushrratt Bharuccha,"Comedy, Drama, Social Issues","Bhanushali Studios, Think Ink Picturez, Shree Raghav Entertainment, Take 9 Entertainment","12,00,00,000","4,89,00,000","5,12,00,000",0.59,0.41,0.6799999999999999,0.32,120000000.0,48900000.0,Flop
Ardh,2022,J U N,10,Palash Muchhal,Rajpal YadavRubina Dilaik,"Drama, Comedy","Pal Music & Films, ZEE5","10,00,00,000","33,500","33,500",0.46,0.54,0.8,0.2,100000000.0,33500.0,Disaster
Nikamma,2022,J U N,17,Sabbir Khan,Abhimanyu DassaniShirley SetiaShilpa Shetty,"Action, Comedy, Drama","Sony Pictures India, Sabbir Khan Films","22,00,00,000","1,96,00,000","1,96,00,000",0.43,0.57,0.44,0.56,220000000.0,19600000.0,Disaster
Sherdil,2022,J U N,24,Srijit Mukherji,Pankaj TripathiNeeraj KabiSayani Gupta,"Drama, Comedy, Adventure","T-Series Films, Reliance Entertainment","15,00,00,000","10,00,000",,0.57,0.43,,,150000000.0,1000000.0,Disaster
Jugjugg Jeeyo,2022,J U N,24,Raj Mehta,Anil KapoorNeetu KapoorVarun DhawanKiara AdvaniPrajakta KoliManish Paul,"Comedy, Drama, Family","Viacom18 Studios, Dharma Productions","1,21,00,00,000","93,09,00,000","1,29,04,30,000",0.23,0.77,0.5700000000000001,0.43,1210000000.0,930900000.0,Flop
Forensic,2022,J U N,24,Vishal Furia,Vikrant MasseyRadhika AptePrachi DesaiRohit Roy,"Thriller, Mystery, Crime","Soham Rockstar Entertainment, Mini Films, ZEE5",,100000000,120000000,0.58,0.42,0.43,0.57,0.0,100000000.0,
Rashtra Kavach Om,2022,J U L,1,Kapil Verma,Aditya Roy KapurSanjana SanghiAshutosh Rana,"Action, Thriller, Drama","Zee Studios, Paper Doll Entertainment","30,00,00,000","8,46,00,000","9,01,00,000",0.45,0.55,0.5700000000000001,0.43,300000000.0,84600000.0,Flop
Rocketry: The Nambi Effect[c],2022,J U L,1,R. Madhavan,R. MadhavanSimran,"Biography, Drama, Science Fiction","Tricolour Films, Varghese Moolans Pictures, 27th Entertainment, Vijay Moolan Talkies","25,00,00,000","15,00,00,000","50,50,00,000",0.56,0.44,,,250000000.0,150000000.0,Flop
Khuda Haafiz: Chapter 2 – Agni Pariksha,2022,J U L,8,Faruk Kabir,Vidyut JammwalShivaleeka Oberoi,"Action, Thriller, Drama","Zee Studios, Panorama Studios, Action Hero Films, Cinergy","20,00,00,000","14,33,00,000","12,00,00,000",0.61,0.39,0.6599999999999999,0.34,200000000.0,143300000.0,Flop
HIT: The First Case,2022,J U L,15,Shailesh Kolanu,Rajkummar RaoSanya Malhotra,"Thriller, Mystery, Drama","T-Series Films, Dil Raju Production","35,00,00,000","9,29,00,000",80000000,0.4,0.6,,,350000000.0,92900000.0,Flop
Ladki: Dragon Girl,2022,J U L,15,Ram Gopal Varma,Pooja BhalekarAbhimanyu Singh,"Action, Fantasy, Thriller",Artsee Media Production,,"2,00,000",,0.48,0.52,,,0.0,200000.0,
Jaadugar,2022,J U L,15,Sameer Saxena,Jitendra KumarJaaved JaaferiAarushi Sharma,"Comedy, Fantasy, Drama","Posham PA Pictures, Chalkboard Entertainment, Netflix",,,,0.45,0.55,0.6599999999999999,0.34,0.0,0.0,
Judaa Hoke Bhi,2022,J U L,15,Vikram Bhatt,Akshay OberoiAindrita RayMeherzan Mazda,"Romance, Drama","Studio Virtual Worlds, K Sera Sera Box Office, Loneranger Productions, Houseful Motion Pictures","10,00,00,000",,,0.76,0.24,0.7,0.3,100000000.0,0.0,Disaster
Shabaash Mithu,2022,J U L,15,Srijit Mukherji,Taapsee Pannu,"Biographical, Sports, Drama","Viacom18 Studios, Colosceum Media","48,00,00,000","2,51,00,000","2,51,00,000",0.57,0.43,0.6,0.4,480000000.0,25100000.0,Disaster
RK/RKay,2022,J U L,22,Rajat Kapoor,Rajat KapoorMallika SherawatKubbra SaitRanvir ShoreyManu Rishi,"Comedy, Drama","Nflicks, Mithya Talkies, Priyanshi Films",,"6,00,000",,0.48,0.52,0.5,0.5,0.0,600000.0,
Shamshera,2022,J U L,22,Karan Malhotra,Ranbir KapoorSanjay DuttVaani Kapoor,"Action, Adventure, Drama",Yash Raj Films,"1,83,00,00,000","49,58,00,000","63,18,00,000",0.58,0.42,,,1830000000.0,495800000.0,Flop
Ek Villain Returns,2022,J U L,29,Mohit Suri,John AbrahamArjun KapoorDisha PataniTara Sutaria,"Action, Thriller, Romance","T-Series Films, Balaji Motion Pictures","75,00,00,000","47,89,00,000","67,12,25,000",0.57,0.43,0.63,0.37,750000000.0,478900000.0,Flop
Good Luck Jerry,2022,J U L,29,Sidharth Sengupta,Janhvi KapoorDeepak DobriyalMita VashishtNeeraj SoodSaurabh SachdevaSushant Singh,"Comedy, Drama, Crime","Lyca Productions, Mahaveer Jain Films, Colour Yellow Productions, Disney+ Hotstar","30,00,00,000",,,0.45,0.55,0.54,0.46,300000000.0,0.0,Disaster
Odd Couple,2022,A U G,2,Prashant Johari,DivyennduSuchitra KrishnamoorthiVijay RaazPranati Rai Prakash,"Comedy, Drama","Nipram Creations, Amazon Prime Video",,,,0.41,0.59,0.8,0.2,0.0,0.0,
Darlings,2022,A U G,5,Jasmeet K Reen,Alia BhattShefali ShahVijay Varma,"Comedy, Drama, Thriller","Red Chillies Entertainment, Eternal Sunshine Productions, Netflix","20,00,00,000",24223000,900000,0.58,0.42,0.6900000000000001,0.31,200000000.0,24223000.0,Disaster
Laal Singh Chaddha,2022,A U G,11,Advait Chandan,Aamir KhanKareena KapoorNaga ChaitanyaMona Singh,"Drama, Comedy, Romance","Paramount Pictures, Viacom18 Studios, Aamir Khan Productions","2,75,00,00,000","71,10,10,000","1,32,03,00,000",0.71,0.29,0.65,0.35,2750000000.0,711010000.0,Flop
Raksha Bandhan,2022,A U G,11,Aanand L. Rai,Akshay KumarBhumi Pednekar,"Comedy, Drama, Family","Zee Studios, Colour Yellow Productions, Cape of Good Films","1,58,00,00,000","54,37,00,000","63,54,12,500",0.67,0.33,0.6,0.4,1580000000.0,543700000.0,Flop
Dobaaraa,2022,A U G,19,Anurag Kashyap,Taapsee PannuPavail Gulati,"Thriller, Mystery, Sci-Fi","Balaji Motion Pictures, Cult Movies, The Vermilion World, Athena ENM,","17,00,00,000","4,00,00,000","4,31,80,000",0.48,0.52,0.55,0.45,170000000.0,40000000.0,Flop
Liger[a],2022,A U G,25,Puri Jagannadh,Vijay DeverakondaAnanya PandeyRonit RoyRamya KrishnaMike Tyson,"Action, Sports, Drama","Dharma Productions, Puri Connects","100,00,00,000","41,50,00,000","56,12,00,000",0.56,0.44,,,1000000000.0,415000000.0,Flop
Holy Cow,2022,A U G,26,Sai Kabir,Sanjay MishraTigmanshu DhuliaNawazuddin SiddiquiSadiya Siddiqui,"Comedy, Drama","K Sera Sera Box Office, YS Entertainment, Sukh Saga Films, Reltic Pictures",,"2,00,000",,0.64,0.36,0.4,0.6,0.0,200000.0,
Brahmāstra: Part One – Shiva,2022,S E P,9,Ayan Mukerji,Ranbir KapoorAmitabh BachchanAlia BhattMouni RoyNagarjuna,"Fantasy, Action, Adventure, Drama","Star Studios, Dharma Productions, Prime Focus, Magic Wand Films","400,00,00,000","350,00,00,000","450,00,00,000",0.21,0.79,0.6599999999999999,0.34,4000000000.0,3500000000.0,Flop
Jahaan Chaar Yaar,2022,S E P,16,Kamal Pandey,Swara BhaskerMeher VijPooja ChopraShikha Talsania,"Comedy, Drama","Pen Marudhar, Soundrya Productions","15,00,00,000","45,00,000",,0.77,0.23,0.0,1.0,150000000.0,4500000.0,Disaster
Matto Ki Saikil,2022,S E P,16,M. Gani,Prakash Jha,"Drama, Comedy","Prakash Jha Productions, Shivdeva Films","5,00,00,000","10,00,000",,0.8,0.2,0.0,1.0,50000000.0,1000000.0,Disaster
Middle Class Love,2022,S E P,16,Rantnaa Sinha,Prit KamaniKavya ThaparEisha SinghManoj Pahwa,"Romantic Comedy, Drama","Zee Studios, Benaras Media Works",,"50,00,000",,0.44,0.56,0.55,0.45,0.0,5000000.0,
Saroj Ka Rishta,2022,S E P,16,Abhishek Saxena,Sanah KapurKumud MishraGaurav PandeyRandeep Rai,"Romance, Drama, Comedy","Kapoor Films, Aena Productions, Ambi Abhi Productions, Garg Films","1,00,00,000","5,00,000",,0.42,0.58,0.0,1.0,10000000.0,500000.0,Disaster
Siya,2022,S E P,16,Manish Mundra,Viineet Kumar SinghPooja PandeyRashmi Somvanshi,"Drama, Thriller","Drishyam Films, Panorama Studios","1,25,00,000","13,50,000","13,50,000",0.76,0.24,0.65,0.35,12500000.0,1350000.0,Disaster
Chup: Revenge of the Artist,2022,S E P,23,R Balki,Sunny DeolDulquer SalmaanPooja BhattShreya Dhanwanthary,"Thriller, Drama, Mystery","Pen Studios, Hope Productions","10,00,00,000","7,00,00,000","9,50,00,000",0.58,0.42,,,100000000.0,70000000.0,Flop
Dhokha: Round D Corner,2022,S E P,23,Kookie Gulati,R. MadhavanAparshakti KhuranaDarshan KumarKhushalii Kumar,"Thriller, Drama, Mystery",T-Series Films,"15,00,00,000","3,74,00,000",44000000,0.33,0.67,0.52,0.48,150000000.0,37400000.0,Flop
Ishq Pashmina,2022,S E P,23,Arvind Pandey,Bhavin BhanushaliMalti ChaharZarina Wahab,"Romance, Drama","Krishna Shanti Production, Panorama Studios",,,,0.56,0.44,0.0,1.0,0.0,0.0,
Vikram Vedha,2022,S E P,30,Pushkar–Gayathri,Saif Ali KhanHrithik RoshanRadhika Apte,"Action, Thriller, Crime, Drama","T-Series Films, Reliance Entertainment, YNOT Studios, Friday Filmworks","1,00,00,00,000","93,63,00,000","135,00,00,000",0.28,0.72,0.6900000000000001,0.31,1000000000.0,936300000.0,Flop
Goodbye,2022,O C T,7,Vikas Bahl,Amitabh BachchanNeena GuptaRashmika Mandanna,"Drama, Comedy","Balaji Motion Pictures, Good Co., Saraswati Entertainment",--,"6,68,00,000","8,74,00,000",0.41,0.59,0.8,0.2,0.0,66800000.0,
Nazar Andaaz,2022,O C T,7,Vikrant Deshmukh,Kumud MishraDivya DuttaAbhishek Banerjee,"Drama, Comedy","T-Series Films, Kathputli Creations",,"10,000",,0.24,0.76,0.55,0.45,0.0,10000.0,
Doctor G,2022,O C T,14,Anubhuti Kashyap,Ayushmann KhurranaRakul Preet SinghShefali Shah,"Comedy, Drama, Romance",Junglee Pictures,"35,00,00,000","29,08,00,000","38,78,55,000",0.54,0.46,0.63,0.37,350000000.0,290800000.0,Flop
Code Name: Tiranga,2022,O C T,14,Ribhu Dasgupta,Parineeti ChopraHarrdy SandhuSharad Kelkar,"Action, Thriller, Drama","T-Series Films, Reliance Entertainment, Film Hangar","15,00,00,000","8,30,00,000","1,41,00,000",0.43,0.57,0.44,0.56,150000000.0,83000000.0,Flop
Ram Setu,2022,O C T,25,Abhishek Sharma,Akshay KumarJacqueline FernandezNushrratt BharucchaSatya Dev,"Action, Adventure, Fantasy, Drama","Amazon Prime Video, Cape of Good Films, Lyca Productions, Abundantia Entertainment","1,63,00,00,000","85,56,00,000","92,00,00,000",0.72,0.28,0.5,0.5,1630000000.0,855600000.0,Flop
Thank God,2022,O C T,25,Indra Kumar,Ajay DevgnSidharth MalhotraRakul Preet Singh,"Comedy, Fantasy, Drama","T-Series Films, Maruti International, Soham Rockstar Entertainment, Sri Adhikari Brothers","98,00,00,000",424900000,"8,08,50,000",0.54,0.46,0.6799999999999999,0.32,980000000.0,424900000.0,Flop
Tara Vs Bilal,2022,O C T,28,Samar Iqbal,Harshvardhan RaneSonia Rathee,"Romantic Comedy, Drama","T-Series Films, JA Entertainment",,,,0.4,0.6,0.4599999999999999,0.54,0.0,0.0,
Phone Bhoot,2022,N O V,4,Gurmmeet Singh,Katrina KaifIshaan KhatterSiddhant Chaturvedi,"Comedy, Horror, Fantasy",Excel Entertainment,"20,00,00,000","13,23,00,000","15,88,68,750",0.59,0.41,0.53,0.47,200000000.0,132300000.0,Flop
Double XL,2022,N O V,4,Satramm Ramani,Sonakshi SinhaHuma QureshiZaheer IqbalMahat Raghavendra,"Comedy, Drama","T-Series Films, Wakaoo Films, Elemen3 Entertainment, Reclining Seats Cinema","15,00,00,000","71,00,000","1,12,00,000",0.63,0.37,0.52,0.48,150000000.0,7100000.0,Disaster
Mili,2022,N O V,4,Mathukutty Xavier,Janhvi KapoorManoj PahwaSunny Kaushal,"Thriller, Drama","Zee Studios, Bayview Projects","2,50,00,000","4,43,00,000","4,47,87,500",0.4,0.6,0.75,0.25,25000000.0,44300000.0,Hit
Rocket Gang,2022,N O V,11,Bosco Martis,Aditya SealNikita Dutta,"Comedy, Drama, Musical, Family",Zee Studios,"15,00,00,000","25,00,000",,0.73,0.27,0.45,0.55,150000000.0,2500000.0,Disaster
Uunchai,2022,N O V,11,Sooraj Barjatya,Amitabh BachchanAnupam KherBoman IraniDanny DenzongpaParineeti ChopraNeena GuptaSarika,"Drama, Adventure, Family","Rajshri Productions, Mahaveer Jain Films, Boundless Media","78,00,00,000","40,71,00,000","10,16,80,000",0.41,0.59,0.6,0.4,780000000.0,407100000.0,Flop
"Monica, O My Darling",2022,N O V,11,Vasan Bala,Rajkummar RaoHuma QureshiRadhika ApteSikandar Kher,"Thriller, Comedy, Crime","Matchbox Shots, Netflix","35,00,00,000",,,0.56,0.44,0.71,0.29,350000000.0,0.0,Disaster
Thai Massage,2022,N O V,11,Mangesh Hadawale,Gajraj RaoDivyennduSunny HindujaRajpal YadavVibha Chibber,"Comedy, Drama","T-Series Films, Reliance Entertainment, Window Seat Films","8,00,00,000","85,00,000",,0.48,0.52,0.5599999999999999,0.44,80000000.0,8500000.0,Disaster
Drishyam 2,2022,N O V,18,Abhishek Pathak,Ajay DevgnAkshaye KhannaTabuShriya Saran,"Thriller, Drama, Mystery","T-Series Films, Viacom18 Studios, Panorama Studios","1,52,00,00,000","2,86,00,00,000","57,22,50,000",0.54,0.46,0.8,0.2,1520000000.0,2860000000.0,Hit
Mister Mummy,2022,N O V,18,Shaad Ali,Riteish DeshmukhGenelia DeshmukhMahesh Manjrekar,"Comedy, Fantasy, Family","T-Series Films, Hectic Cinema, Boundscript","10,00,00,000","6,00,000",,0.58,0.42,0.52,0.48,100000000.0,600000.0,Disaster
Bhediya,2022,N O V,25,Amar Kaushik,Varun DhawanKriti Sanon,"Horror, Comedy, Fantasy","Maddock Films, Jio Studios","60,00,00,000","75,37,00,000","88,33,00,000",0.58,0.42,0.65,0.35,600000000.0,753700000.0,Average
An Action Hero,2022,D E C,2,Anirudh Iyer,Ayushmann KhurranaJaideep Ahlawat,"Action, Comedy, Thriller","T-Series Films, Colour Yellow Productions","30,00,00,000","13,35,00,000","5,02,20,000",0.52,0.48,0.63,0.37,300000000.0,133500000.0,Flop
Salaam Venky,2022,D E C,9,Revathi,KajolVishal Jethwa,"Drama, Biographical","Sony Pictures Releasing International India, Zee Studios, Connekkt Media, Blive Productions, RTake Studios","15,00,00,000","1,49,00,000","2,00,00,000",0.45,0.55,0.7,0.3,150000000.0,14900000.0,Disaster
Vadh,2022,D E C,9,Jaspal Singh Sandhu,Sanjay MishraNeena Gupta,"Drama, Thriller","Luv Films, J Studio Films, Next Level Production","3,75,00,000","1,86,00,000","1,86,00,000",0.47,0.53,0.58,0.42,37500000.0,18600000.0,Disaster
Maarrich,2022,D E C,9,Dhruv Lather,Tusshar KapoorNaseeruddin ShahRahul DevSeerat KapoorAnita Hassanandani,"Thriller, Mystery, Drama","Tusshar Entertainment House, NH Studioz","15,00,00,000","35,00,000",,0.52,0.48,1.0,0.0,150000000.0,3500000.0,Disaster
Josef – Born in Grace,2022,D E C,9,Susant Mishra,Victor BanerjeeSubrat Dutta,"Drama, Biography",UA Kathachitrra,,"1,00,000",,0.44,0.56,0.0,1.0,0.0,100000.0,
Blurr,2022,D E C,9,Ajay Bahl,Taapsee PannuGulshan Devaiah,"Thriller, Mystery, Drama","Zee Studios, Outsiders Films, Echelon Productions, ZEE5",,,,0.78,0.22,0.4,0.6,0.0,0.0,
Govinda Naam Mera,2022,D E C,16,Shashank Khaitan,Vicky KaushalKiara AdvaniBhumi Pednekar,"Comedy, Thriller, Romance","Viacom18 Studios, Dharma Productions, Mentor Disciple Films",,"55,00,00,000",,0.5,0.5,0.52,0.48,0.0,550000000.0,
Ajay Wardhan,2022,D E C,16,Pragati Agarwal,Ruslaan MumtazArjumman Mughal,"Drama, Thriller","Dushyant Corporation, Prasidh Eklavaya Entertainment",,,,0.46,0.54,,,0.0,0.0,
Trahimam,2022,D E C,16,Dushyant Pratap Singh,Arshi KhanPankaj Berry,"Drama, Thriller",Dushyant Corporation,,,,0.52,0.48,,,0.0,0.0,
Cirkus,2022,D E C,23,Rohit Shetty,Ranveer SinghPooja HegdeJacqueline FernandezVarun Sharma,"Comedy, Drama, Musical","T-Series Films, Reliance Entertainment, Rohit Shetty Productionz","1,00,00,00,000","39,25,00,000","18,03,95,000",0.6,0.4,0.42,0.58,1000000000.0,392500000.0,Flop
Dedh Lakh Ka Dulha,2022,D E C,30,Abhay Pratap Singh,Akhilendra MishraIshtiyak KhanHarshita Panwar,"Comedy, Drama, Romance",KK Films Creations,"2,00,00,000","1,00,000",,0.47,0.53,,,20000000.0,100000.0,Disaster
Kuttey,2023,J A N,13,Aasmaan Bhardwaj,Arjun KapoorTabuKonkona Sen SharmaRadhika MadanNitesh KalbandeShardul Bhardwaj,"Action, Thriller, Drama","T-Series Films, Luv Films, VB Films","35,00,00,000","4,65,00,000","8,48,60,000",0.46,0.54,0.58,0.42,350000000.0,46500000.0,Flop
Lakadbaggha,2023,J A N,13,Victor Mukherjee,Anshuman JhaRiddhi DograMilind Soman,"Action, Thriller, Drama",First Ray Films,"7,00,00,000","11,00,000",,0.57,0.43,0.73,0.27,70000000.0,1100000.0,Disaster
Pathaan,2023,J A N,25,Siddharth Anand,Shah Rukh KhanJohn AbrahamDeepika Padukone,"Action, Thriller, Spy, Drama",Yash Raj Films,"250,00,00,000","6,17,45,00,000","10,13,93,75,000",0.43,0.57,0.6599999999999999,0.34,2500000000.0,6174500000.0,Superhit / Blockbuster
Gandhi Godse – Ek Yudh,2023,J A N,26,Rajkumar Santoshi,Deepak AntaniChinmay Mandlekar,"Drama, Historical, Biographical","PVR Pictures, Santoshi Productions",,"2,40,000","7,00,000",0.8,0.2,0.45,0.55,0.0,240000.0,
Operation Fryday,2023,J A N,26,Vishram Sawant,Nitesh KalbandeRandeep Hooda,"Action, Thriller, Drama",Tutri Ventures,"15,00,00,000","2,07,00,000","2,75,00,000",0.75,0.25,0.2,0.8,150000000.0,20700000.0,Disaster
Almost Pyaar with DJ Mohabbat,2023,F E B,3,Anurag Kashyap,Alaya FNitesh Kalbande,"Romance, Drama, Musical","Zee Studios, Good Bad Films",,"25,00,000","25,00,000",0.56,0.44,0.3299999999999999,0.67,0.0,2500000.0,
Faraaz,2023,F E B,3,Hansal Mehta,Zahan KapoorAditya RawalAamir AliJuhi Babbar,"Drama, Thriller, Crime","T-Series Films, Benaras Media Works, Mahana Films",,"15,00,000","15,00,000",0.42,0.58,0.44,0.56,0.0,1500000.0,
Shiv Shastri Balboa,2023,F E B,10,Ajayan Venugopalan,Anupam KherNeena GuptaJugal HansrajNargis FakhriSharib Hashmi,"Comedy, Drama, Sports","UFI Motion Pictures, Anupam Kher Studio",,"55,00,000","55,00,000",0.36,0.64,0.5,0.5,0.0,5500000.0,
The Tenant[γ],2023,F E B,10,Sushrut Jain,"Shamita Shetty, Rudhraksh Jaiswal","Drama, Thriller",Mad Coolie Productions,,,,0.41,0.59,,,0.0,0.0,
Shehzada,2023,F E B,17,Rohit Dhawan,Kartik AaryanKriti SanonParesh RawalManisha KoiralaNitesh Kalbande,"Action, Comedy, Drama, Romance","T-Series Films, Allu Entertainment, Haarika & Hassine Creations, Ramara Films, Brat Films","85,00,00,000","38,20,00,000","47,43,00,000",0.53,0.47,0.54,0.46,850000000.0,382000000.0,Flop
Selfiee,2023,F E B,24,Raj Mehta,Akshay KumarEmraan HashmiDiana PentyNushrratt Bharuccha,"Comedy, Drama, Musical","Star Studios, Dharma Productions, Prithviraj Productions, Magic Frames, Cape of Good Films","100,00,00,000","20,00,00,000","23,63,00,000",0.36,0.64,0.5700000000000001,0.43,1000000000.0,200000000.0,Flop
Tu Jhoothi Main Makkaar,2023,M A R,8,Luv Ranjan,Ranbir KapoorShraddha Kapoor,"Romantic Comedy, Drama","T-Series Films, Luv Films",--,1750000000,"42,07,50,000",0.56,0.44,0.64,0.36,0.0,1750000000.0,
Mrs. Chatterjee vs Norway,2023,M A R,17,Ashima Chibber,Rani Mukerji,"Drama, Biography","Zee Studios, Emmay Entertainment","29,00,00,000",273000000,"37,00,00,000",0.5,0.5,0.53,0.47,290000000.0,273000000.0,Flop
Bheed,2023,M A R,24,Anubhav Sinha,Rajkummar RaoBhumi PednekarDia MirzaAshutosh RanaPankaj Kapur,"Drama, Thriller, Social Commentary","Reliance Entertainment, Benaras Media Works","25,00,00,000","2,42,00,000","3,33,00,000",0.58,0.42,0.5900000000000001,0.41,250000000.0,24200000.0,Disaster
Operation Mayfair,2023,M A R,24,Sudipto Sarkar,Jimmy ShergillHritiqa ChheberLee Nicholas HarrisVedieka DuttAnkur BhatiaSneha Singh,"Action, Thriller, Drama","T-Series Films, Vedant Films, Farm Cove",,,,0.51,0.49,0.4,0.6,0.0,0.0,
Bholaa,2023,M A R,30,Ajay Devgn,Ajay DevgnTabu,"Action, Thriller, Drama","T-Series Films, Reliance Entertainment, Dream Warrior Pictures, Ajay Devgn FFilms","100,00,00,000","97,67,00,000","14,96,95,000",0.57,0.43,0.64,0.36,1000000000.0,976700000.0,Flop
Gumraah,2023,A P R,7,Vardhan Ketkar,Aditya Roy KapurMrunal ThakurRonit Roy,"Thriller, Mystery, Drama","T-Series Films, Cine1 Studios","25,00,00,000","10,00,00,000","10,68,00,000",0.46,0.54,0.61,0.39,250000000.0,100000000.0,Flop
Sir Madam Sarpanch,2023,A P R,14,Praveen Morchhale,Seema BiswasAriana SajnaniHemant DeolekarJyoti DubeyShubhangini Srivas,"Drama, Comedy",Suncal Productions International,,,,0.48,0.52,,,0.0,0.0,
Kisi Ka Bhai Kisi Ki Jaan,2023,A P R,21,Farhad Samji,Salman KhanPooja HegdeVenkateshShehnaaz GillJagapathi Babu,"Action, Comedy, Drama, Family","Zee Studios, Salman Khan Films","125,00,00,000","132,00,00,000","58,78,80,000",0.48,0.52,0.5700000000000001,0.43,1250000000.0,1320000000.0,Flop
Bad Boy,2023,A P R,28,Rajkumar Santoshi,Namashi ChakrabortyAmrin QureshiSaswata ChatterjeeDarshan JariwalaJohnny Lever,"Action, Comedy, Romance",Inbox Pictures,"60,00,000","5,50,000","5,50,000",0.49,0.51,0.0,1.0,6000000.0,550000.0,Disaster
Mother Teresa & Me,2023,M A Y,5,Kamal Musale,Deepti NavalJacqueline Fitschi-CornazBanita Sandhu,"Drama, Biographical","Curry Western Movies, Les Films du Lotus, Kavita Teresa Film",,"3,00,000","3,00,000",0.42,0.58,,,0.0,300000.0,
Afwaah,2023,M A Y,5,Sudhir Mishra,Nawazuddin SiddiquiBhumi PednekarSumeet VyasSharib Hashmi,"Thriller, Drama",Benaras Media Works,,"11,00,000","11,00,000",0.58,0.42,0.5900000000000001,0.41,0.0,1100000.0,
The Kerala Story,2023,M A Y,5,Sudipto Sen,Adah SharmaYogita BihaniSonia BalaniSiddhi Idnani,"Drama, Thriller, Historical",Sunshine Pictures,"30,00,00,000","2,42,20,00,000","3,03,97,00,000",0.76,0.24,,,300000000.0,2422000000.0,Superhit / Blockbuster
Chatrapathi,2023,M A Y,12,V. V. Vinayak,Bellamkonda SreenivasNushrratt BharucchaSahil Vaid,"Action, Drama",Pen Studios,"50,00,00,000","3,00,00,000","3,00,00,000",0.49,0.51,0.7,0.3,500000000.0,30000000.0,Flop
Music School,2023,M A Y,12,Papa Rao Biyyala,Sharman JoshiPrakash RajShriya SaranSuhasini MulayMona AmbegaonkarGracy Goswami,"Musical, Drama, Family","Yamini Films, PVR Pictures","20,00,00,000",,,0.73,0.27,,,200000000.0,0.0,Disaster
IB71,2023,M A Y,12,Sankalp Reddy,Vidyut JammwalAnupam KherVishal JethwaNiharica Raizada,"Action, Thriller, Drama","T-Series Films, Reliance Entertainment, Action Hero Films","20,00,00,000","27,50,00,000","29,50,00,000",0.47,0.53,,,200000000.0,275000000.0,Hit
Aazam,2023,M A Y,19,Shravan Tiwari,Jimmy ShergillAbhimanyu SinghIndraneil SenguptaRaza MuradSayaji Shinde,"Action, Thriller, Drama","BMX Motion Pictures, DXB Motion Film",,,,0.3,0.7,,,0.0,0.0,
8 A.M. Metro,2023,M A Y,19,Raj R,Gulshan DevaiahSaiyami Kher,"Drama, Romance","Studio 99, Platoon Distribution","4,00,00,000","7,00,000",,0.6,0.4,0.0,1.0,40000000.0,700000.0,Disaster
Jogira Sara Ra Ra,2023,M A Y,26,Kushan Nandy,Nawazuddin SiddiquiNeha SharmaSanjay MishraMahaakshay Chakraborty,"Comedy, Romance",Touchwood Multimedia Creations,,9500000,9500000,0.44,0.56,0.0,1.0,0.0,9500000.0,
Coat,2023,M A Y,26,Akshay Ditti,Sanjay MishraVivaan ShahPooja PandeySonal Jha,"Drama, Comedy","Brandex Entertainment, Perfect Times Pictures, Black Panther Movies",,,,0.56,0.44,0.0,1.0,0.0,0.0,
Zara Hatke Zara Bachke,2023,J U N,2,Laxman Utekar,Vicky KaushalSara Ali Khan,"Romantic Comedy, Drama","Jio Studios, Maddock Films","40,00,00,000","104,70,00,000","114,73,57,500",0.31,0.69,0.53,0.47,400000000.0,1047000000.0,Superhit / Blockbuster
Adipurush,2023,J U N,16,Om Raut,Saif Ali KhanPrabhasKriti SanonSunny Singh,"Action, Fantasy, Adventure, Drama","T-Series Films, Retrophiles","650,00,00,000","343,00,00,000","393,00,00,000",0.55,0.45,0.22,0.78,6500000000.0,3430000000.0,Flop
I Love You,2023,J U N,16,Nikhil Mahajan,Rakul Preet SinghAkshay OberoiPavail Gulati,"Romance, Drama, Comedy","Jio Studios, Athena ENM, JioCinema",--,1700000,1700000,0.46,0.54,0.43,0.57,0.0,1700000.0,
1920: Horrors of the Heart,2023,J U N,23,Krishna Bhatt,Avika GorRahul DevBarkha BishtRandheer Rai,"Horror, Thriller, Drama","Anand Pandit Motion Pictures, Houseful Motion Pictures",,168500000,173500000,0.76,0.24,0.36,0.64,0.0,168500000.0,
Aseq,2023,J U N,23,Sarim Momin,Sonnalli SeygallVardhan PuriSiddhanth Kapoor,"Drama, Romance, Thriller","Jio Studios, The Production Headquarters, Stone Circle Production, JioCinema",,,,0.51,0.49,0.7,0.3,0.0,0.0,
Satyaprem Ki Katha,2023,J U N,29,Sameer Vidwans,Kartik AaryanKiara AdvaniGajraj RaoSupriya Pathak,"Romantic Comedy, Drama","Namah Pictures, Nadiadwala Grandson Entertainment",--,925000000,"27,22,50,000",0.59,0.41,0.7,0.3,0.0,925000000.0,
Lust Stories 2,2023,J U N,29,R. BalkiKonkona Sen SharmaAmit Ravindernath SharmaSujoy Ghosh,Amruta SubhashAngad BediNeena GuptaMrunal ThakurKumud MishraTamannaah BhatiaKajolTillotama ShomeVijay Varma,"Drama, Romance, Anthology","RSVP Movies, Flying Unicorn Entertainment, Hope Productions, The Vermillion World, Chrome Pictures, Netflix",,,,0.5,0.5,0.54,0.46,0.0,0.0,
Sergeant,2023,J U N,30,Prawaal Raman,Randeep HoodaAdil HussainSapna PabbiArun GovilSonia Goswami,"Action, Thriller, Drama","Jio Studios, JAR Pictures, JioCinema",,,,0.43,0.57,0.2,0.8,0.0,0.0,
Neeyat,2023,J U L,7,Anu Menon,Vidya BalanRam KapoorRahul BoseShahana GoswamiNeeraj KabiPrajakta KoliShashank AroraAmrita Puri,"Mystery, Thriller, Drama","Abundatia Entertainment, Riddle Films, Amazon Studios",,69000000,69000000,0.58,0.42,0.43,0.57,0.0,69000000.0,
Tarla,2023,J U L,7,Piyush Gupta,Huma QureshiSharib HashmiVeenah Naair,"Biographical, Drama, Comedy","RSVP Movies, Earthsky Pictures, ZEE5",,,,0.73,0.27,0.58,0.42,0.0,0.0,
Blind,2023,J U L,7,Shome Makhija,Sonam KapoorPurab KohliVinay PathakLillete Dubey,"Thriller, Drama, Mystery","Jio Studios, Kanai, AVMA, Kross Pictures, Lead Films, RV Motion Pictures, JioCinema",,,,0.54,0.46,0.45,0.55,0.0,0.0,
72 Hoorain,2023,J U L,7,Sanjay Puran Singh Chauhan,Saru MainiAamir BashirRasheed NazPawan Malhotra,"Drama, Thriller, Action","SaarthiE Entertainment, Aliens Pictures",,15000000,15000000,0.26,0.74,0.45,0.55,0.0,15000000.0,
Ishq-e-Nadaan,2023,J U L,14,Avishek Ghosh,Lara DuttaNeena GuptaKanwaljit SinghShriya PilgaonkarMohit RainaSuhail Nayyar,"Romance, Drama","AVMA Media, Jio Studios, JioCinema",,,,0.75,0.25,0.53,0.47,0.0,0.0,
Bawaal,2023,J U L,21,Nitesh Tiwari,Varun DhawanJanhvi Kapoor,"Drama, Romance, Comedy","Earthsky Pictures, Nadiadwala Grandson Entertainment, Amazon Prime Video","20,00,000","10,25,000","10,25,000",0.42,0.58,0.6,0.4,2000000.0,1025000.0,Disaster
Trial Period,2023,J U L,21,Aleya Sen,Genelia DeshmukhManav KaulShakti KapoorSheeba ChadhaGajraj Rao,"Drama, Comedy, Romance","Jio Studios, Chrome Pictures, JioCinema",,,,0.45,0.55,0.55,0.45,0.0,0.0,
Minus 31: The Nagpur Files,2023,J U L,21,Pratik Moitro,Shivankit Singh PariharRaghubir YadavRajesh SharmaRucha InamdarSantosh JuvekarJaya Bhattacharya,"Thriller, Drama, Mystery","Orangepixel Studios PVT. LTD. Production, Dragon Water Films",,,,0.65,0.35,,,0.0,0.0,
Ajmer 92,2023,J U L,21,Pushpendra Singh,Karan VermaRajesh SharmaSayaji ShindeBrijendra KalaZarina WahabManoj JoshiAlka Amin,"Drama, Thriller, Historical","Reliance Entertainment, U&K Entertainment, Summit Motion Pictures, Little Crew Pictures",,21500000,21500000,0.5,0.5,0.0,1.0,0.0,21500000.0,
Rocky Aur Rani Kii Prem Kahaani,2023,J U L,28,Karan Johar,Ranveer SinghAlia BhattJaya BachchanDharmendraShabana AzmiTota Roy ChowdhuryChurni GangulyAnjali AnandAamir BashirKshitee Jog,"Romance, Drama, Musical, Comedy","Viacom18 Studios, Dharma Productions","150,00,00,000",1825000000,3575000000,0.6,0.4,0.71,0.29,1500000000.0,1825000000.0,Average
Gadar 2,2023,A U G,11,Anil Sharma,Sunny DeolAmeesha PatelUtkarsh Sharma,"Action, Drama, Romance, Historical","Zee Studios, Anil Sharma Productions, MM Moviez","74,00,00,000","620,50,00,000","686,00,00,000",0.47,0.53,0.69,0.31,740000000.0,6205000000.0,Superhit / Blockbuster
OMG 2,2023,A U G,11,Amit Rai,Akshay KumarYami GautamPankaj TripathiArun Govil,"Comedy, Drama, Social Issues","Viacom18 Studios, Cape of Good Films, Wakaoo Films","68,00,00,000","178,75,00,000","221,75,00,000",0.42,0.58,0.76,0.24,680000000.0,1787500000.0,Superhit / Blockbuster
Ghoomer,2023,A U G,18,R. Balki,Abhishek BachchanSaiyami KherShabana AzmiAngad Bedi,"Drama, Sports","Hope Productions, Saraswati Entertainment","20,00,00,000","5,90,00,000","7,15,00,000",0.49,0.51,0.59,0.41,200000000.0,59000000.0,Flop
Non Stop Dhamaal,2023,A U G,18,Irshad Khan,Annu KapoorRajpal YadavAsraniManoj JoshiPriyanshu ChatterjeeVeronica Vanij,"Comedy, Adventure, Family",Triyom Films,,,,0.54,0.46,0.0,1.0,0.0,0.0,
Dream Girl 2,2023,A U G,25,Raaj Shaandilyaa,Ayushmann KhurranaAnanya PandayAnnu KapoorParesh RawalVijay RaazManoj JoshiRajpal YadavAsraniSeema PahwaManjot SinghAbhishek Banerjee,"Comedy, Romance",Balaji Motion Pictures,"81,00,00,000","126,00,00,000","142,20,00,000",0.48,0.52,0.67,0.33,810000000.0,1260000000.0,Hit
Akelli,2023,A U G,25,Pranay Meshram,Nushrratt BharucchaNishant DahiyaTsahi HaleviAmir Boutrous,"Thriller, Drama, Action",Dashami Studioz,,10500000,12000000,0.41,0.59,0.4,0.6,0.0,10500000.0,
Goldfish,2023,A U G,25,Pushan Kripalani,Kalki KoechlinDeepti NavalRajit KapoorGordon Warnecke,"Drama, Thriller",Splendid Films,,,,0.43,0.57,,,0.0,0.0,
Mystery of the Tattoo,2023,S E P,1,Kalaiarasi SathappanGanesh Mahadevan,Rohit RaajDaisy ShahAmeesha PatelArjun Rampal,"Mystery, Thriller, Drama",Tattoo Film Productions,,,,0.21,0.79,,,0.0,0.0,
Love All,2023,S E P,1,Sudhanshu Sharma,Kay Kay MenonSwastika MukherjeeShriswaraRobin DasSumit Arora,"Drama, Romance, Sports","L6F Studios, Lakshmi Ganpathy Film Studios, Anand Pandit Motion Pictures, Filmart Production",,"15,00,000","15,00,000",0.48,0.52,0.56,0.44,0.0,1500000.0,
Jawan,2023,S E P,7,Atlee,Shah Rukh KhanNayantharaVijay SethupathiPriyamaniSanya MalhotraDeepika Padukone,"Action, Thriller, Drama, Adventure",Red Chillies Entertainment,"400,75,00,000","760,72,00,000","1160,75,54,000",0.6,0.4,0.69,0.31,4007500000.0,7607200000.0,Hit
The Great Indian Family,2023,S E P,22,Vijay Krishna Acharya,Vicky KaushalManushi Chhillar,"Comedy, Drama, Family",Yash Raj Films,"40,00,00,000","6,10,00,000","6,10,00,000",0.57,0.43,0.39,0.61,400000000.0,61000000.0,Flop
Sukhee,2023,S E P,22,Sonal Joshi,Shilpa ShettyAmit SadhKusha KapilaDilnaz Irani,"Comedy, Drama","T-Series Films, Abundatia Entertainment",,22000000,22000000,0.46,0.54,0.37,0.63,0.0,22000000.0,
The Rise Of Sudarshan Chakra,2023,S E P,22,Anil Kulchainiya,Yashpal SharmaPreeti JhangianiMilind GunajiRakesh Bedi,"Action, Fantasy, Adventure","Shiromani Creations, Nandi Picture",,,,0.47,0.53,,,0.0,0.0,
The Vaccine War,2023,S E P,28,Vivek Agnihotri,Anupam KherNana PatekarRaima SenPallavi Joshi,"Drama, Thriller, Biographical","Abhishek Agarwal Arts, I Am Buddha",,122000000,147000000,0.44,0.56,0.75,0.25,0.0,122000000.0,
Fukrey 3,2023,S E P,28,Mrighdeep Singh,Pankaj TripathiPulkit SamratVarun SharmaRicha ChadhaManjot Singh,"Comedy, Drama, Adventure","Reliance Entertainment, Excel Entertainment","40,00,00,000","113,25,00,000","127,75,00,000",0.44,0.56,0.56,0.44,400000000.0,1132500000.0,Superhit / Blockbuster
Pyaar Hai Toh Hai,2023,S E P,28,Pradeep R.K. Chaudhary,Karan HariharanPaanie Kashyap,"Romance, Drama",Shreetara Cinevision,,,,0.7,0.3,,,0.0,0.0,
Dvand: The Internal Conflict,2023,S E P,29,Ishtiyak Khan,Ishtiyak KhanSanjay MishraVikram KochharIpshita Chakraborty SinghFaiz Mohammed Khan,"Drama, Thriller, Psychological","Jumping Tomato Studios, Vsquare Films",,,,0.48,0.52,0.0,1.0,0.0,0.0,
Tumse Na Ho Payega,2023,S E P,29,Abhishek Sinha,Ishwak SinghMahima MakwanaGaurav PandeyAmala AkkineniGurpreet Saini,"Comedy, Drama, Romance","Star Studios, RSVP Movies, Roy Kapur Films, Earthsky Pictures, Disney+Hotstar",,,,0.72,0.28,0.77,0.23,0.0,0.0,
Dono,2023,O C T,5,Avnish S. Barjatya,Rajveer DeolPaloma,"Romance, Drama","Jio Studios, Rajshri Productions",,11000000,11000000,0.58,0.42,0.0,1.0,0.0,11000000.0,
Mission Raniganj,2023,O C T,6,Tinu Suresh Desai,Akshay KumarParineeti Chopra,"Action, Drama, Thriller","Pooja Entertainment, Ajay Kapoor Productions","55,00,00,000","40,40,00,000","46,00,00,000",0.6,0.4,0.57,0.43,550000000.0,404000000.0,Flop
Thank You for Coming,2023,O C T,6,Karan Boolani,Bhumi PednekarShehnaaz GillDolly SinghKusha KapilaShibani BediKaran KundrraTejaswi Dev ChaudharySaloni Daini,"Comedy, Drama","Balaji Motion Pictures, Anil Kapoor Films & Communication Network","42,00,00,000","8,00,00,000","9,60,00,000",0.53,0.47,0.24,0.76,420000000.0,80000000.0,Flop
Yaatris,2023,O C T,6,Harish Vyas,Raghubir YadavSeema PahwaAnuraag MalhanJamie LeverChahatt Khanna,"Drama, Comedy",Akion Entertainment,,,,0.4,0.6,0.0,1.0,0.0,0.0,
Dhak Dhak,2023,O C T,13,Tarun Dudeja,Ratna Pathak ShahDia MirzaFatima Sana ShaikhSanjana Sanghi,"Drama, Adventure, Comedy","Viacom18 Studios, Outsiders Films, BLM Pictures",,,,0.63,0.37,0.6,0.4,0.0,0.0,
Guthlee Ladoo,2023,O C T,13,Ishrat R. Khan,Sanjay MishraHeet SharmaSubrat DuttaKalyanee Mulay,"Comedy, Drama","UV Films, Panorama Studios",,,,0.43,0.57,0.0,1.0,0.0,0.0,
Darran Chhoo,2023,O C T,13,Bharat Ratan,Karan PatelAnkita Bhargava PatelAshutosh RanaManoj JoshiSaanand VermaSmiriti Kalra,"Drama, Thriller, Romance",Mark Movies,,,,0.5,0.5,0.0,1.0,0.0,0.0,
Bhagwan Bharose,2023,O C T,13,Shiladitya Bora,Vinay PathakMasumeh MakhijaManurishi ChaddhaShrikant VermaSatendra SoniSparsh Suman,"Drama, Comedy","Platoon One Films, Rhythm Boyz Entertainment",,,,0.46,0.54,0.85,0.15,0.0,0.0,
Ganapath,2023,O C T,20,Vikas Bahl,Amitabh BachchanTiger ShroffKriti SanonElli AvrRam,"Action, Thriller, Drama, Sci-Fi","Pooja Entertainment, Good Co.","160,00,00,000","18,00,00,000","18,00,00,000",0.79,0.21,0.16,0.84,1600000000.0,180000000.0,Flop
Yaariyan 2,2023,O C T,20,Radhika RaoVinay Sapru,Divya Khosla KumarYash DaasguptaaPearl V PuriMeezaan JafriAnaswara RajanPriya Prakash VarrierWarina Hussain,"Drama, Romance, Musical, Comedy","T-Series Films, BLM Pictures","25,00,00,000",32500000,35000000,0.49,0.51,0.5,0.5,250000000.0,32500000.0,Flop
12th Fail,2023,O C T,27,Vidhu Vinod Chopra,Vikrant MasseyMedha ShankarPriyanshu ChatterjeeHarish Khanna,"Drama, Inspirational, Biography","Zee Studios, Vinod Chopra Films","20,00,00,000","66,55,00,000","70,05,00,000",0.62,0.38,0.87,0.13,200000000.0,665500000.0,Superhit / Blockbuster
Tejas,2023,O C T,27,Sarvesh Mewara,Kangana Ranaut,"Action, Drama, War",RSVP Movies,"1,90,00,000","6,41,00,000","6,45,68,750",0.43,0.57,0.34,0.66,19000000.0,64100000.0,Superhit / Blockbuster
Sajini Shinde Ka Viral Video,2023,O C T,27,Mikhil Musale,Nimrat KaurRadhika MadanBhagyashreeSumeet VyasSubodh BhaveChinmay Mandlekar,"Comedy, Drama, Social Commentary",Maddock Films,,8000000,8000000,0.49,0.51,0.2,0.8,0.0,8000000.0,
Mujib: The Making of a Nation,2023,O C T,27,Shyam Benegal,Arifin ShuvooNusrat Imrose TishaNusraat FariaFazlur Rahman BabuShahidul Alam SachchuDeepak Antani,"Biography, Drama, Historical","National Film Development Corporation of India, Bangladesh Film Development Corporation",,,,0.49,0.51,,,0.0,0.0,
Mandali,2023,O C T,27,Rakesh Chaturvedi Om,Abhishek DuhanRajniesh DuggallBrijendra KalaVineet KumarAanchal Munjal,"Drama, Thriller",Reltic Pictures,,,,0.49,0.51,,,0.0,0.0,
Aankh Micholi,2023,N O V,3,Umesh Shukla,Abhimanyu DassaniMrunal ThakurParesh RawalSharman JoshiDivya DuttaAbhishek BanerjeeDarshan JariwalaVijay Raaz,"Comedy, Drama, Family","Sony Pictures India, Merry Go Round Studios",,24000000,24000000,0.49,0.51,0.0,1.0,0.0,24000000.0,
The Lady Killer,2023,N O V,3,Ajay Bahl,Arjun KapoorBhumi Pednekar,"Thriller, Drama, Romance","SCIPL, Karma Media & Entertainment, Jussawala Productions, Polaroid Media, Movies N More","45,00,00,000","60,000","60,000",0.45,0.55,0.16,0.84,450000000.0,60000.0,Disaster
Lakeerein,2023,N O V,3,Durgesh Pathak,Ashutosh RanaBidita BagTia BajpaiRajesh Jais,"Drama, Thriller","Image & Creation, BTC Multimedia Productions, Blackpearl Movies",,,,0.52,0.48,0.0,1.0,0.0,0.0,
Hukus Bukus,2023,N O V,3,Vinay BharadwajSaumitra Singh,Darsheel SafaryArun GovilSajjad DelafroozGautam VijMir Sarwar,"Comedy, Drama, Family",Shining Sun Studios,,,,0.44,0.56,,,0.0,0.0,
UT69,2023,N O V,3,Shahnawaz Ali,Raj KundraKumar Saurabh,"Science Fiction, Thriller, Drama","SVS Studios, The Bigger Picture Films",,,,0.6,0.4,,,0.0,0.0,
Shastry Viruddh Shastry,2023,N O V,3,Shiboprosad MukherjeeNandita Roy,Paresh RawalShiv PandittNeena KulkarniMimi Chakraborty,"Drama, Comedy","Viacom18 Studios, Windows Production",,,,0.6,0.4,0.0,1.0,0.0,0.0,
Tiger 3,2023,N O V,12,Maneesh Sharma,Salman KhanKatrina KaifEmraan Hashmi,"Action, Thriller, Adventure",Yash Raj Films,"310,00,00,000","339,50,00,000","464,82,40,000",0.48,0.52,0.68,0.32,3100000000.0,3395000000.0,Flop
Apurva,2023,N O V,15,Nikhil Nagesh Bhat,Tara SutariaAbhishek BanerjeeRajpal YadavDhairya Karwa,"Thriller, Drama, Mystery","Star Studios, Cine1 Studios, Disney+ Hotstar",,,,0.62,0.38,0.55,0.45,0.0,0.0,
Khichdi 2: Mission Paanthukistan,2023,N O V,17,Aatish Kapadia,Supriya PathakRajeev MehtaAnang DesaiVandana PathakKirti KulhariJamnadas Majethia,"Comedy, Family, Adventure",Hats Off Productions,,,,0.69,0.31,0.1,0.9,0.0,0.0,
Sab Moh Maaya Hai,2023,N O V,18,Abhinav Pareek,Sharman JoshiAnnu Kapoor,"Drama, Comedy","Bhanushali Studios, Veda Film Factory",,,,0.25,0.75,0.0,1.0,0.0,0.0,
Farrey,2023,N O V,24,Soumendra Padhi,Alizeh AgnihotriZeyn ShawSahil MehtaPrasanna BishtRonit RoyJuhi Babbar,"Drama, Thriller, Mystery","Salman Khan Films, Reel Life Production, Mythri Movie Makers, Athena ENM","20,00,00,000","3,20,00,000","3,20,00,000",0.53,0.47,0.36,0.64,200000000.0,32000000.0,Flop
Starfish,2023,N O V,24,Akhilesh Jaiswal,Khushalii KumarMilind SomanEhan BhatTusharr Khanna,"Drama, Romance, Thriller","T-Series Films, Almighty Motion Picture","8,00,00,000","10,00,000","10,00,000",0.59,0.41,0.46,0.54,80000000.0,1000000.0,Disaster
Do Ajnabee,2023,N O V,24,Sanjeev Kumar Rajput,Aarya BabbarAnkit BathlaAnu MitraAman Yatan Verma,"Thriller, Drama, Mystery","Blockbuster Films, PK Entertainment","5,00,00,000","24,00,00,000","24,00,00,000",0.53,0.47,0.21,0.79,50000000.0,240000000.0,Superhit / Blockbuster
Animal,2023,D E C,1,Sandeep Reddy Vanga,Ranbir KapoorRashmika MandannaAnil KapoorBobby DeolTripti Dimri,"Action, Drama, Thriller","T-Series Films, Bhadrakali Pictures Productions, Cine1 Studios","112,00,00,000","660,00,00,000","915,00,00,000",0.63,0.37,0.83,0.17,1120000000.0,6600000000.0,Superhit / Blockbuster
Sam Bahadur,2023,D E C,1,Meghna Gulzar,Vicky KaushalSanya MalhotraFatima Sana Shaikh,"Biographical, Drama, War",RSVP Movies,"55,00,00,000","111,80,00,000","130,30,00,000",0.47,0.53,0.84,0.16,550000000.0,1118000000.0,Superhit / Blockbuster
Kaisi Ye Dor,2023,D E C,15,Ratna Neelam Pandey Sandeep S. Choudhary,Nikhil PandeyJashn AgnihotriRatna Neelam PandeyBrijendra Kala,"Drama, Romance",Ojas Entertainments,,,,0.54,0.46,0.0,1.0,0.0,0.0,
Dunki,2023,D E C,21,Rajkumar Hirani,Shah Rukh KhanTaapsee PannuVicky KaushalBoman IraniVikram KochharAnil Grover,"Drama, Comedy, Social Issues","Jio Studios, Red Chillies Entertainment, Rajkumar Hirani Films","120,00,00,000","272,00,00,000","454,73,87,500",0.51,0.49,0.68,0.32,1200000000.0,2720000000.0,Superhit / Blockbuster
Tauba Tera Jalwa,2023,J A N,5,Akashaditya Lama,Jatin KhuranaAmeesha PatelAngela Krislinzki,"Drama, Romance, Musical","Shreeram Productions, Victorious Enterprises",,"9,00,000","9,00,000",0.24,0.76,0.12,0.88,0.0,900000.0,
Merry Christmas,2024,J A N,12,Sriram Raghavan,Katrina KaifVijay Sethupathi,"Thriller, Comedy, Drama","Tips Industries, Matchbox Pictures","60,00,00,000","24,18,00,000","27,18,00,000",0.42,0.58,0.67,0.33,600000000.0,241800000.0,Flop
Main Atal Hoon,2024,J A N,19,Ravi Jadhav,Pankaj Tripathi,"Biographical, Drama","Bhanushali Studios, Legend Studios","20,00,00,000","11,84,00,000","12,49,00,000",0.54,0.46,0.43,0.57,200000000.0,118400000.0,Flop
Fighter,2024,J A N,25,Siddharth Anand,Hrithik RoshanDeepika PadukoneAnil KapoorKaran Singh GroverAkshay OberoiSanjeeda Sheikh,"Action, Thriller, Drama","Viacom18 Studios, Marflix Pictures","350,00,00,000","254,89,00,000",3588900000,0.35,0.65,0.68,0.32,3500000000.0,2548900000.0,Flop
Teri Baaton Mein Aisa Uljha Jiya,2024,F E B,9,Amit JoshiAradhana Sah,Shahid KapoorKriti SanonDharmendraDimple Kapadia,"Romance, Drama","Jio Studios, Maddock Films","63,00,00,000","101,25,00,000","139,00,00,000",0.71,0.29,0.65,0.35,630000000.0,1012500000.0,Hit
Mirg,2024,F E B,9,Tarun Sharma,Satish KaushikAnup SoniShwetaabh SinghRaj Babbar,"Drama, Thriller, Mystery","Studio RA, NaMA Productions, OneShot Films","3,68,00,00,000","14,00,000","14,00,000",0.3,0.7,0.0,1.0,3680000000.0,1400000.0,Disaster
Dashmi,2024,F E B,16,Shantanu Anant Tambe,Vardhan PuriGaurav SareenSanjay PandeyRajesh Jais,"Drama, Thriller, Mystery",3S Movies,"4,00,00,000","59,00,000","59,00,000",0.49,0.51,0.36,0.64,40000000.0,5900000.0,Disaster
Kuch Khattaa Ho Jaay,2024,F E B,16,G. Ashok,Guru RandhawaSaiee ManjrekarAnupam KherIla Arun,"Comedy, Drama, Romance",Mach Films,"35,00,00,000","1,69,00,000","1,69,00,000",0.4,0.6,0.27,0.73,350000000.0,16900000.0,Disaster
Crakk,2024,F E B,23,Aditya Datt,Vidyut JammwalNora FatehiArjun RampalAmy Jackson,"Action, Thriller, Drama",Action Hero Films,"45,00,00,000","16,38,00,000","17,88,00,000",0.58,0.42,0.39,0.61,450000000.0,163800000.0,Flop
Article 370,2024,F E B,23,Aditya Suhas Jambhale,Yami GautamPriyamaniSkand ThakurAshwini KaulVaibhav TatwawadiArun GovilKiran Karmarkar,"Drama, Political, Thriller","Jio Studios, B62 Studios","20,00,00,000","92,65,00,000","105,15,00,000",0.58,0.42,0.81,0.19,200000000.0,926500000.0,Superhit / Blockbuster
All India Rank,2024,F E B,23,Varun Grover,Bodhisattva SharmaSamta SudikshaSheeba ChaddhaGeeta AgrawalNeeraj Ayush PandeySaadat Khan,"Drama, Comedy","Karmic Films, Matchbox Shots, Clocktower Pictures & Co.","4,17,00,000","42,00,000","42,00,000",0.57,0.43,0.56,0.44,41700000.0,4200000.0,Disaster
Chote Nawab,2024,F E B,23,Kumud Chaudhary,Akshay OberoiPlabita BorthakurSvar KambleShataf FigarEkavali KhannaRajshri DeshpandeFalaq NaazSadiya SiddiquiLalit TiwariSohaila KapurAyush TandonNeeraj Sood,"Drama, Romance, Comedy",Yoodlee Films,"4,00,00,000","10,00,000","10,00,000",0.78,0.22,0.27,0.73,40000000.0,1000000.0,Disaster
Laapataa Ladies,2024,M A R,1,Kiran Rao,Ravi KishanNitanshi GoelPratibha RantaSparsh SrivastavChhaya Kadam,"Comedy, Drama, Romance","Jio Studios, Aamir Khan Productions, Kindling Pictures","6,57,00,000","24,91,00,000","27,66,00,000",0.53,0.47,0.86,0.14,65700000.0,249100000.0,Superhit / Blockbuster
Dange,2024,M A R,1,Bejoy Nambiar,Harshvardhan RaneEhan BhatNikita DuttaTJ Bhanu,"Action, Thriller, Drama","T-Series Films, Roox Media, Getaway Pictures",,"14,78,000","14,78,000",0.42,0.58,0.31,0.69,0.0,1478000.0,
Operation Valentine,2024,M A R,1,Shakti Pratap Singh Hada,Varun TejManushi Chhillar,"Action, Drama, Thriller","Sony Pictures India, Renaissance Pictures, God Bless Entertainment","42,00,00,000","9,80,00,000","10,30,00,000",0.47,0.53,0.23,0.77,420000000.0,98000000.0,Flop
Kaagaz 2,2024,M A R,1,V. K. Prakash,Anupam KherDarshan KumarSmiriti KalraSatish KaushikNeena Gupta,"Drama, Biography","Satish Kaushik Entertainment, Venus Worldwide Entertainment",,"9,00,000","9,00,000",0.28,0.72,0.0,1.0,0.0,900000.0,
Fairy Folk,2024,M A R,1,Karan Gour,Rasika DuggalMukul ChaddaChandrachoor Rai,"Fantasy, Adventure, Drama","Empatheia Films, Bala Wala Cinema, Awe Studios and Timbuktu Triforce Cinema & Entertainment",,"9,00,000","9,00,000",0.52,0.48,0.0,1.0,0.0,900000.0,
Shaitaan,2024,M A R,8,Vikas Bahl,Ajay DevgnR. MadhavanJyothika,"Thriller, Drama, Action","Jio Studios, Devgn Films, Panorama Studios, Good Co.","60,00,00,000","176,29,00,000","213,79,00,000",0.26,0.74,0.78,0.22,600000000.0,1762900000.0,Superhit / Blockbuster
Tera Kya Hoga Lovely,2024,M A R,8,Balwinder Singh Janjua,Randeep HoodaIleana D'CruzKaran Kundrra,"Comedy, Drama, Romance","Sony Pictures India, Movie Tunnel Productions","8,00,00,000","20,00,000","20,00,000",0.54,0.46,0.53,0.47,80000000.0,2000000.0,Disaster
Alpha Beta Gamma,2024,M A R,8,Shankar Srikumar,NishanAmit Kumar VashisthReena Aggarwal,"Drama, Comedy, Romance","Choti Film Productions, Knownsense Entertainment","5,00,00,000","6,00,000","6,00,000",0.42,0.58,0.0,1.0,50000000.0,600000.0,Disaster
Yodha,2024,M A R,15,Sagar AmbrePushkar Ojha,Sidharth MalhotraRaashii KhannaDisha Patani,"Action, Drama, Thriller","Amazon MGM Studios, Dharma Productions, Mentor Disciple Entertainment","55,00,00,000","42,18,00,000","53,68,00,000",0.35,0.65,0.49,0.51,550000000.0,421800000.0,Flop
Bastar: The Naxal Story,2024,M A R,15,Sudipto Sen,Adah SharmaShilpa ShuklaYashpal SharmaSubrat DuttaRaima Sen,"Drama, Thriller, Action, Political",Sunshine Pictures,"15,00,00,000","3,79,00,000","4,04,00,000",0.42,0.58,0.39,0.61,150000000.0,37900000.0,Flop
Madgaon Express,2024,M A R,22,Kunal Khemu,DivyennduPratik GandhiAvinash TiwaryNora FatehiUpendra LimayeChhaya Kadam,"Comedy, Drama, Adventure",Excel Entertainment,"30,00,00,000","43,40,00,000","46,90,00,000",0.53,0.47,0.68,0.32,300000000.0,434000000.0,Hit
Swatantrya Veer Savarkar,2024,M A R,22,Randeep Hooda,Randeep HoodaAnkita LokhandeAmit Sial,"Biographical, Historical, Drama","Zee Studios, Randeep Hooda Films, Anand Pandit Motion Pictures, Legend Studios, Avak Films","20,00,00,000","29,43,00,000","32,18,00,000",0.43,0.57,0.9,0.1,200000000.0,294300000.0,Hit
Crew,2024,M A R,29,Rajesh A Krishnan,TabuKareena Kapoor KhanKriti SanonDiljit Dosanjh,"Comedy, Drama, Thriller","Balaji Motion Pictures, Anil Kapoor Films & Communication Network","56,00,00,000","96,63,00,000","151,63,00,000",0.45,0.55,0.67,0.33,560000000.0,966300000.0,Hit
Dukaan,2024,A P R,5,Siddharth–Garima,Monika PanwarSikandar KherMonali Thakur,"Drama, Comedy, Romance","Waveband Productions, Kalamkaar Picture Productions","6,00,00,000","23,50,000","23,72,625",0.52,0.48,0.75,0.25,60000000.0,2350000.0,Disaster
Bade Miyan Chote Miyan,2024,A P R,11,Ali Abbas Zafar,Akshay KumarTiger ShroffPrithviraj SukumaranManushi ChhillarAlaya FSonakshi SinhaRonit Bose Roy,"Action, Comedy, Drama","Pooja Entertainment, AAZ Films","352,00,00,000","113,00,00,000","135,21,81,250",0.45,0.55,0.22,0.78,3520000000.0,1130000000.0,Flop
Maidaan,2024,A P R,11,Amit Sharma,Ajay DevgnPriyamaniGajraj Rao,"Drama, Sports, Biography","Zee Studios, Bayview Projects, Fresh Lime Films","2,35,00,00,000","63,97,00,000","71,72,00,000",0.55,0.45,0.78,0.22,2350000000.0,639700000.0,Flop
Ameena,2024,A P R,12,Kumar Raj,Rekha RanaAnant Mahadevan,"Drama, Romance, Thriller",Kumar Raj Productions,"6,00,00,000","21,00,000","21,00,000",0.47,0.53,0.2,0.8,60000000.0,2100000.0,Disaster
Gauraiya Live,2024,A P R,12,Gabriel Vats,Ada SinghRandhir Singh ThakurOmkar Das ManikpuriShagufta AliPankaj JhaSeema Saini,"Drama, Musical, Family","Rare Films, Tea and Poetry Films",,"5,00,000","5,00,000",0.43,0.57,0.67,0.33,0.0,500000.0,
Love Sex Aur Dhokha 2,2024,A P R,19,Dibakar Banerjee,Mouni RoyNimrit Kaur AhluwaliaTusshar KapoorUrfi JavedSophie Choudry,"Drama, Romance, Comedy, Thriller","Balaji Telefilms, Cult Movies, DBP",,"1,15,00,000","1,15,00,000",0.48,0.52,0.32,0.68,0.0,11500000.0,
Do Aur Do Pyaar,2024,A P R,19,Shirsha Guha Thakurta,Vidya BalanPratik GandhiIleana D'CruzSendhil Ramamurthy,"Romantic Comedy, Drama","Applause Entertainment, Ellipsis Entertainment","40,00,00,000","5,44,00,000","5,94,00,000",0.65,0.35,0.39,0.61,400000000.0,54400000.0,Flop
Luv You Shankar,2024,A P R,19,Rajiv S. Ruia,Shreyas TalpadeTanishaa MukerjiAbhimanyu SinghHemant Pandey,"Romantic Comedy, Drama",SD World Film Production,,"54,00,000","54,00,000",0.46,0.54,0.41,0.59,0.0,5400000.0,
The Legacy of Jineshwar,2024,A P R,19,Pradeep P. JadhavVivek Iyer,Shubham VyasSurendra PalAnil LalwaniManish Bishla,"Drama, Thriller, Mystery","Mahaveer Talkies, Shri Khartargachha Sahastrabdi Mahotsava Samiti presentation",,"23,00,000","23,00,000",0.47,0.53,,,0.0,2300000.0,
Ruslaan,2024,A P R,26,Karan Butani,Aayush SharmaSushrii Shreya MishraaJagapathi BabuVidya Malvade,"Drama, Romance, Thriller",Sri Sathya Sai Arts,"25,00,00,000","3,15,00,000","3,15,00,000",0.48,0.52,3.3,-2.3,250000000.0,31500000.0,Flop
Main Ladega,2024,A P R,26,Gaurav Rana,Akash Pratap Singh,"Action, Drama, Thriller",Kathakaar Films,,3000000,3000000,0.34,0.66,0.56,0.44,0.0,3000000.0,
Srikanth,2024,M A Y,10,Tushar Hiranandani,Rajkummar RaoJyothikaAlaya FSharad Kelkar,"Drama, Comedy, Romance","T-Series Films, Chalk N Cheese Films","35,00,00,000",570900000,605900000,0.64,0.36,0.67,0.33,350000000.0,570900000.0,Hit
Tipppsy,2024,M A Y,10,Deepak Tijori,Deepak TijoriNatasha SuriKainaat AroraNazia HussainAlankrita SahaiSonia Birje,"Comedy, Drama, Romance","Raju Chaddha Wave Cinemas, Alliance Productions India, Black Canvas",,"19,00,000","19,00,000",0.37,0.63,0.0,1.0,0.0,1900000.0,
Bhaiyya Ji,2024,M A Y,24,Apoorva Singh Karki,Manoj BajpayeeSuvinder VickyJatin GoswamiVipin SharmaZoya Hussain,"Comedy, Action, Drama","Bhanushali Studios, SSO Productions, Aurega Studios","18,75,00,000","10;22,00,000","10,22,00,000",0.74,0.26,0.49,0.51,187500000.0,0.0,Disaster
Mr. & Mrs. Mahi,2024,M A Y,31,Sharan Sharma,Rajkummar RaoJanhvi Kapoor,"Comedy, Drama, Sports","Zee Studios, Dharma Productions","40,00,00,000","42,45,00,000","51,95,00,000",0.41,0.59,0.53,0.47,400000000.0,424500000.0,Flop
Savi,2024,M A Y,31,Abhinay Deo,Anil KapoorDivya Khosla KumarHarshvardhan Rane,"Drama, Thriller, Action","T-Series Films, Vishesh Entertainment, HWY 61","20,00,00,000","9,25,00,000","11,25,00,000",0.48,0.52,0.48,0.52,200000000.0,92500000.0,Flop
Chhota Bheem and the Curse of Damyaan,2024,M A Y,31,Rajiv Chilaka,Anupam KherMakrand DeshpandeSanjay BishnoiSurbhi TiwariYagya Bhasin,"Animation, Adventure, Family, Fantasy",Green Gold Animation,"4,50,00,000","5,51,00,000","5,51,00,000",0.45,0.55,0.38,0.62,45000000.0,55100000.0,Average
Bajrang Aur Ali,2024,J U N,7,Jaiveer,Sachin ParikhGaurav Shankar,"Action, Comedy, Drama",UtterUp Films,,4100000,4100000,0.56,0.44,0.0,1.0,0.0,4100000.0,
Munjya,2024,J U N,7,Aditya Sarpotdar,SharvariAbhay VermaMona Singh,"Drama, Comedy, Romance",Maddock Films,"30,00,00,000","121,04,00,000","126,04,00,000",0.59,0.41,0.72,0.28,300000000.0,1210400000.0,Superhit / Blockbuster
Phooli,2024,J U N,7,Avinash Dhyani,Avinash DhyaniSuruchi SaklaniRiya Baluni,"Drama, Romance, Thriller","Padma Siddhi Films, Dream Sky Creations",,1700000,1700000,0.39,0.61,0.0,1.0,0.0,1700000.0,
Chandu Champion,2024,J U N,14,Kabir Khan,Kartik Aaryan,"Action, Drama, Sports","Nadiadwala Grandson Entertainment, Kabir Khan Films","73,00,00,000","75,49,00,000","89,24,00,000",0.79,0.21,0.65,0.35,730000000.0,754900000.0,Flop
Manihar,2024,J U N,14,Sanjeev Kumar Rajput,Badrul IslamPankaj Berry,"Drama, Romance, Thriller",Jai Shree Movie Production,,"3,00,000","3,00,000",0.48,0.52,0.0,1.0,0.0,300000.0,
Ishq Vishk Rebound,2024,J U N,21,Nipun Dharmadhikari,Rohit SarafPashmina RoshanJibraan KhanNaila Grrewal,"Romantic Comedy, Drama",Tips Industries,"20,00,00,000","5,85,00,000","5,85,00,000",0.59,0.41,0.38,0.62,200000000.0,58500000.0,Flop
Maharaj,2024,J U N,21,Siddharth P. Malhotra,Junaid KhanJaideep AhlawatShalini PandeySharvari,"Drama, Action, Thriller","YRF Entertainment, Netflix","5,75,00,000","10,88,00,000","11,22,00,000",0.48,0.52,0.69,0.31,57500000.0,108800000.0,Hit
Hamare Baarah,2024,J U N,21,Kamal Chandra,Annu KapoorParth SamthaanManoj Joshi,"Drama, Comedy, Family","Radhika G Film, Newtech Media Entertainment",,"49,00,000","49,00,000",0.5,0.5,0.14,0.86,0.0,4900000.0,
Pushtaini,2024,J U N,21,Vinod Rawat,Vinod RawatHemant PandeyShashi Bhushan,"Drama, Family, Comedy",Lotus Dust Pictures,"20,00,00,000","9,00,000","9,00,000",0.69,0.31,0.0,1.0,200000000.0,900000.0,Disaster
Jahangir National University,2024,J U N,21,Vinay Sharma,Siddharth BodkeUrvashi RautelaRashami DesaiPiyush MishraRavi Kishan,"Drama, Romance, Comedy",Mahakaal Movies,"20,00,00,000","68,34,000","1,20,00,000",0.58,0.42,0.12,0.88,200000000.0,6834000.0,Disaster
Kooki,2024,J U N,28,Pranab J Deka,Ritisha KhaundRajesh TailangRina RaniDipannita SharmaDevoleena Bhattacharjee,"Drama, Thriller, Romance","Niri Media Opc Private Limited, Jai Viratra Entertainment Limited",,"18,00,000","18,00,000",0.57,0.43,0.0,1.0,0.0,1800000.0,
Kill,2024,J U L,5,Nikhil Nagesh Bhat,LakshyaRaghav JuyalTanya Maniktala,"Action, Thriller, Drama","Lionsgate, Roadside Attractions, Dharma Productions, Sikhya Entertainment","40,00,00,000","39,80,00,000","52,10,00,000",0.36,0.64,0.72,0.28,400000000.0,398000000.0,Flop
Sarfira,2024,J U L,12,Sudha Kongara,Akshay KumarParesh RawalRadhika Madan,"Action, Drama, Comedy","Cape of Good Films, 2D Entertainment, Abundantia Entertainment","80,00,00,000","29,41,00,000",339100000,0.58,0.42,0.56,0.44,800000000.0,294100000.0,Flop
Bad Newz,2024,J U L,19,Anand Tiwari,Vicky KaushalTriptii DimriAmmy VirkNeha Dhupia,"Comedy, Drama, Romance","Amazon MGM Studios, Dharma Productions, Leo Media Collective","80,00,00,000","76,77,00,000","113,77,00,000",0.61,0.39,0.67,0.33,800000000.0,767700000.0,Flop
Accident or Conspiracy: Godhra,2024,J U L,19,M.K Shivaaksh,Ranvir ShoreyManoj Joshi,"Drama, Thriller, Historical","Om Trinetra Films, Artverse Studios",,19270000,11600000,0.36,0.64,,,0.0,19270000.0,
Auron Mein Kahan Dum Tha,2024,A U G,2,Neeraj Pandey,Ajay DevgnTabuJimmy SheirgillShantanu MaheshwariSaiee Manjrekar,"Drama, Thriller, Crime","Friday Filmworks, Panorama Studios, NH Studioz",,136400000,157900000,0.44,0.56,0.46,0.54,0.0,136400000.0,
Ulajh,2024,A U G,2,Sudhanshu Saria,Janhvi KapoorGulshan DevaiahRajesh TailangMeiyang ChangRoshan Mathew,"Drama, Thriller, Mystery",Junglee Pictures,"35,00,00,000","10,26,00,000","11,26,00,000",0.36,0.64,0.49,0.51,350000000.0,102600000.0,Flop
Aliya Basu Gayab Hai,2024,A U G,9,Preeti Singh,Vinay PathakRaima SenSalim Diwan,,"Rehab Pictures, Cinepolis India",,4700000,4700000,0.27,0.73,,,0.0,4700000.0,
Ghuspaithiya,2024,A U G,9,Susi Ganeshan,Urvashi RautelaVineet Kumar SinghAkshay Oberoi,,"Suraj Production, 4V Entertainment, JDS Enterprises",,200000,200000,0.49,0.51,0.0,1.0,0.0,200000.0,
Khel Khel Mein,2024,A U G,15,Mudassar Aziz,Akshay KumarTaapsee PannuFardeen KhanVaani KapoorAmmy VirkPragya JaiswalAditya Seal,,"T-Series Films, Wakaoo Films, White World Production","89,00,00,000","47,05,00,000","57,05,00,000",0.75,0.25,0.62,0.38,890000000.0,470500000.0,Flop
Vedaa,2024,A U G,15,Nikkhil Advani,John AbrahamSharvariAbhishek BanerjeeAshish Vidyarthi,,"Zee Studios, Emmay Entertainment, JA Entertainment","60,00,00,000","26,75,00,000","30,00,00,000",0.33,0.67,0.49,0.51,600000000.0,267500000.0,Flop
Stree 2,2024,A U G,15,Amar Kaushik,Shraddha KapoorRajkummar RaoAparshakti KhuranaPankaj TripathiAbhishek Banerjee,,"Maddock Films, Jio Studios","67,00,00,000","713,15,00,000","857,15,00,000",0.78,0.22,0.8,0.2,670000000.0,7131500000.0,Superhit / Blockbuster
A Wedding Story,2024,A U G,30,Abhinav Pareek,Vaibhav TatwawadiMukti MohanLakshvir Singh SaranMonica Chaudhary Akshay Anand,,"Boundless Blackbuck Films Productions,1 Film Studio",,"50,00,000","50,00,000",0.5,0.5,0.0,1.0,0.0,5000000.0,
Pad Gaye Pange,2024,A U G,30,Santosh Kumar,Samarpan SinghRajpal YadavRajesh SharmaFaisal MalikVarsha RekhateRrajesh Yadav,,"Prachi Films & Utter Action, Bright Outdoor Media",,"3,81,00,000","3,81,00,000",0.54,0.46,0.0,1.0,0.0,38100000.0,
The Buckingham Murders,2024,S E P,13,Hansal Mehta,Kareena Kapoor KhanAsh TandonRanveer BrarKeith Allen,,"Balaji Motion Pictures, Mahana Films","40,00,00,000","12,34,00,000","15,84,00,000",0.42,0.58,0.67,0.33,400000000.0,123400000.0,Flop
Kahan Shuru Kahan Khatam,2024,S E P,20,Saurabh Dasgupta,Dhvani BhanushaliAashim GulatiSupriya PilgaonkarRakesh BediSonali SachdevRajesh SharmaAkhilendra MishraChittranjan TripathyVikram KochharHimansh KohliVikas Verma,,"Bhanushali Studios, Kathputli Creations",,32600000,32600000,0.44,0.56,0.54,0.46,0.0,32600000.0,
Yudhra,2024,S E P,20,Ravi Udyawar,Siddhant ChaturvediMalavika MohananRaghav JuyalGajraj RaoRam Kapoor,,Excel Entertainment,"50,00,00,000","13,24,00,000","14,56,00,000",0.51,0.49,0.46,0.54,500000000.0,132400000.0,Flop
Binny And Family,2024,S E P,27,Ssanjay Tripaathy,Anjini DhawanPankaj KapurRajesh KumarCharu ShankarHimani ShivpuriNaman Tripathy,,"Balaji Motion Pictures, Mahaveer Jain Films, Wave Band Productions","20,00,00,000","3,02,00,000","3,02,00,000",0.56,0.44,0.74,0.26,200000000.0,30200000.0,Flop
Jigra,2024,O C T,11,Vasan Bala,Alia BhattVedang Raina,,"Viacom18 Studios, Dharma Productions, Eternal Sunshine Productions","87,00,00,000","38,43,00,000","56,93,00,000",0.52,0.48,0.63,0.37,870000000.0,384300000.0,Flop
Vicky Vidya Ka Woh Wala Video,2024,O C T,11,Raaj Shaandilyaa,Rajkummar RaoTriptii Dimri,,"T-Series Films, Balaji Motion Pictures, Wakaoo Films, Kathavachak Films, Thinkink Picturez","60,00,00,000","49,71,00,000","58,21,00,000",0.51,0.49,0.562,0.438,600000000.0,497100000.0,Flop
Aayushmati Geeta Matric Pass,2024,O C T,18,Prradip Khairwar,Kashika KapoorAnuj SainiAtul SrivastavAlka Amin,,"Good Idea Films, Spunk Productions",,2600000,2600000,0.58,0.42,0.0,1.0,0.0,2600000.0,
Bandaa Singh Chaudhary,2024,O C T,25,Abhishek Saxena,Arshad WarsiMeher Vij,,"Arbaaz Khan Production, Seamless Productions LLP, 8 Aks Movies & Entertainment, Cinekorn Entertainment","20,00,00,000","1,24,81,000","1,03,00,000",0.61,0.39,0.0,1.0,200000000.0,12481000.0,Disaster
Navras Katha Collage,2024,O C T,25,Praveen Hingonia,Praveen HingoniaSheeba ChaddhaRajesh SharmaAlka AminRevathi Pillai,,Swardhrupad Productions,"50,00,000","2,31,00,000","2,31,00,000",0.4,0.6,0.0,1.0,5000000.0,23100000.0,Disaster
Bhool Bhulaiyaa 3,2024,N O V,1,Anees Bazmee,Kartik AaryanVidya BalanMadhuri DixitTriptii Dimri,,"T-Series Films, Cine1 Studios","150,00,00,000","311,35,00,000","400,35,00,000",0.41,0.59,0.41,0.59,1500000000.0,3113500000.0,Superhit / Blockbuster
Singham Again,2024,N O V,1,Rohit Shetty,Ajay DevgnAkshay KumarRanveer SinghTiger ShroffKareena Kapoor KhanDeepika PadukoneArjun KapoorJackie Shroff,,"Jio Studios, Reliance Entertainment, Cinergy, Devgn Films, Rohit Shetty Picturez","350,00,00,000","311,35,00,000","389,35,00,000",0.57,0.43,0.48,0.52,3500000000.0,3113500000.0,Flop
Khwaabon Ka Jhamela,2024,N O V,8,Danish Aslam,Prateik BabbarSayani GuptaKubbra Sait,,"Jio Studios, Baweja Studios, JioCinema",,,,0.44,0.56,0.0,1.0,0.0,0.0,
The Sabarmati Report,2024,N O V,15,Dheeraj Sarna,Vikrant MasseyRaashii KhannaRiddhi Dogra,,"Balaji Motion Pictures, Vikir Films","50,00,00,000","41,07,00,000","41,07,00,000",0.26,0.74,0.65,0.35,500000000.0,410700000.0,Flop
Naam,2024,N O V,22,Anees Bazmee,Ajay DevgnSameera ReddyBhumika ChawlaRahul Dev,,"Snigdha Movies Pvt Ltd, Roongta Entertainment","1,50,00,000","85,50,000","85,50,000",0.62,0.38,0.0,1.0,15000000.0,8550000.0,Disaster
I Want to Talk,2024,N O V,22,Shoojit Sircar,Abhishek BachchanAhilya BamrooJohny Lever,,"Rising Sun Films, Kino Works","30,00,00,000",25100000,25100000,0.53,0.47,0.73,0.27,300000000.0,25100000.0,Disaster
Zero Se Restart,2024,D E C,13,Vidhu Vinod Chopra,Vikrant MasseyMedha ShankarAnant V Joshi,,Vinod Chopra Films,,"38,00,000","38,00,000",0.6,0.4,0.0,1.0,0.0,3800000.0,
Vanvaas,2024,D E C,20,Anil Sharma,Nana PatekarUtkarsh SharmaSimrat KaurRajpal Yadav,,"Zee Studios, Anil Sharma Productions","30,00,00,000","5,83,00,000","5,83,00,000",0.48,0.52,0.56,0.44,300000000.0,58300000.0,Flop
OutHouse,2024,D E C,20,Sunil Sukthankar,Sunil AbhyankarSharmila TagoreSonali KulkarniMohan AgasheJihan Jeetendra Hodar,,Dr. Mohan Agashe Studios,"10,00,00,000","14,00,000","14,00,000",0.47,0.53,0.68,0.32,100000000.0,1400000.0,Disaster
Baby John,2024,D E C,25,Kalees,Varun DhawanKeerthy SureshWamiqa GabbiJackie ShroffSanya Malhotra,,"Jio Studios, Cine1 Studios, A for Apple Productions","85,00,00,000","47,30,00,000","61,00,00,000",0.53,0.47,0.42,0.58,850000000.0,473000000.0,Flop
Fateh,2025,J A N,10,Sonu Sood,Sonu SoodNaseeruddin ShahJacqueline Fernandez,,"Zee Studios, Shakti Sagar Productions","27,64,00,000","15,81,00,000","19,06,00,000",0.26,0.74,0.41,0.59,276400000.0,158100000.0,Flop
Match Fixing,2025,J A N,10,Kedar Gaekwad,Vineet Kumar SinghRaj ArjunShataf FigarAnuja Sathe,,Artarena Creations,,"42,00,000","42,00,000",0.44,0.56,0.28,0.72,0.0,4200000.0,
Emergency,2025,J A N,17,Kangana Ranaut,Kangana RanautAnupam KherShreyas TalpadeMahima ChaudhryMilind SomanSatish Kaushik,,"Zee Studios, Manikarnika Films","82,00,00,000","21,71,00,000","23,81,00,000",0.2,0.8,0.42,0.58,820000000.0,217100000.0,Flop
Azaad,2025,J A N,17,Abhishek Kapoor,Ajay DevgnDiana PentyAaman DevganRasha ThadaniMohit MalikPiyush Mishra,,"RSVP Movies, Guy In The Sky Pictures","87,00,00,000","8,19,00,000","8,69,00,000",0.22,0.78,0.32,0.68,870000000.0,81900000.0,Flop
Mission Grey House,2025,J A N,17,Naushad Siddiqui,Abeer KhanPuja SharmaRajesh SharmaKiran KumarNikhat KhanKamlesh SawantRaza Murad,,"Reliance Entertainment, Rafat Films Entertainment",,2600000,"26,00,000",0.34,0.66,0.0,1.0,0.0,2600000.0,
Sangee,2025,J A N,17,Sumit Kulkarni,Sharib HashmiSanjay BishnoiGaurav MoreVidya MalvadeShyamraj PatilMartin Jishil,,"Yantrana Films, Armoks Films",--,1500000,1500000,0.56,0.44,0.0,1.0,0.0,1500000.0,
Sky Force,2025,J A N,24,Sandeep KewlaniAbhishek Anil Kapur,Akshay KumarVeer PahariyaSara Ali KhanNimrat Kaur,,"Jio Studios, Maddock Films, Leo Films","160,00,00,000","135,51,00,000","150,01,00,000",0.57,0.43,7.21,-6.21,1600000000.0,1355100000.0,Flop
Deva,2025,J A N,31,Rosshan Andrrews,Shahid KapoorPooja Hegde,,"Zee Studios, Roy Kapur Films","50,25,00,000","51,13,50,000","51,13,50,000",0.41,0.59,5.4,-4.4,502500000.0,511350000.0,Flop
Loveyapa,2025,F E B,7,Advait Chandan,Khushi KapoorJunaid Khan,,"Zee Studios, Phantom Studios, AGS Entertainment","60,00,00,000","8,81,00,000","9,56,00,000",0.45,0.55,0.45,0.55,600000000.0,88100000.0,Flop
Badass Ravi Kumar,2025,F E B,7,Keith Gomes,Himesh ReshammiyaPrabhu DevaKirti KulhariSonia KapoorRajesh SharmaJohny LeverNavneet NishanManish WadhwaSanjay MishraAnil George,,Himesh Reshammiya Melodies,"20,00,00,000","10,17,00,000","11,17,00,000",0.45,0.55,0.42,0.58,200000000.0,101700000.0,Flop
Chhaava,2025,F E B,14,Laxman Utekar,Vicky KaushalRashmika MandannaAkshaye Khanna,,Maddock Films,"120,00,00,000","716,91,00,000","807,93,00,000",0.58,0.42,0.91,0.09,1200000000.0,7169100000.0,Superhit / Blockbuster
Mere Husband Ki Biwi,2025,F E B,21,Mudassar Aziz,Arjun KapoorRakul Preet SinghBhumi Pednekar,,Pooja Entertainment,"60,00,00,000","8,75,00,000","8,75,00,000",0.57,0.43,3.6,-2.6,600000000.0,87500000.0,Flop
Shaila,2025,F E B,28,Saki Shah,Rohit ChaudharySara KhanSonam AroraAadhvikaaDurvesh RameshwaramHussain KhanKetan Raj Sharma,,"Reliance Entertainment, Riyom Films","1,11,00,000",1700000,1700000,0.44,0.56,0.0,1.0,11100000.0,1700000.0,Disaster
Crazxy,2025,F E B,28,Girish Kohli,Sohum Shah,,Sohum Shah Films,"5,00,00,000","18,25,00,000","18,25,00,000",0.48,0.52,0.68,0.32,50000000.0,182500000.0,Superhit / Blockbuster
Superboys of Malegaon,2025,F E B,28,Reema Kagti,Adarsh GouravVineet Kumar SinghShashank AroraAnuj Singh Duhan,,"Amazon MGM Studios, Excel Entertainment, Tiger Baby Films",,61100000,61100000,0.59,0.41,0.83,0.17,0.0,61100000.0,
The Diplomat,2025,M A R,14,Shivam Nair,John AbrahamSadia KhateebRevathyKumud Mishra,,"T-Series Films, JA Entertainment, Wakaoo Films, Fortune Pictures","20,45,00,000","50,66,00,000","50,66,00,000",0.6,0.4,0.69,0.31,204500000.0,506600000.0,Superhit / Blockbuster
My Melbourne,2025,M A R,14,Kabir Khan Rima Das Onir Imtiaz Ali ,Ryanna SkyeKat StewartJake RyanArushi SharmaJackson GallagherArka Das,,"Screen Australia, VicScreen, Mind Blowing Entertainment, Mind Blowing World, Soundfirm Post Production, Anticlock Films, Flying River Films, Window Seat Films, Kabir Khan Films",,800000,800000,0.43,0.57,0.56,0.44,0.0,800000.0,
Inn Galiyon Mein,2025,M A R,14,Avinash Das,Vivaan ShahAvantika DassaniJaved Jaffrey,,Yadunath Films,,3500000,3500000,0.48,0.52,0.0,1.0,0.0,3500000.0,
Baida,2025,M A R,21,Puneet Sharma,Sudhanshu RaiManisha RaiShobhit Sujay,,MNM Entertainment,"10,00,00,000","72,00,000","72,00,000",0.44,0.56,0.52,0.48,100000000.0,7200000.0,Disaster
Tumko Meri Kasam,2025,M A R,21,Vikram Bhatt,Anupam KherIshwak SinghAdah SharmaEsha Deol,,Indira Entertainment,"11,00,00,000","1,11,00,000","1,11,00,000",0.8,0.2,3.8,-2.8,110000000.0,11100000.0,Disaster
Pintu Ki Pappi,2025,M A R,21,Shiv Hare,ShushantJaanyaa JoshiViidhiGanesh AcharyaMurali SharmaVijay Raaz,,"Mythri Movie Makers, V2S Production & Entertainment",,13800000,13800000,0.4,0.6,0.0,1.0,0.0,13800000.0,
Sikandar,2025,M A R,30,AR Murugadoss,Salman KhanKajal AggarwalRashmika MandannaSathyarajPrateik Babbar,,"Nadiadwala Grandson Entertainment, Salman Khan Films","200,00,00,000","130,00,00,000","188,00,00,000",0.67,0.33,0.43,0.57,2000000000.0,1300000000.0,Flop
Jaat,2025,A P R,10,Gopichand Malineni,Sunny DeolRandeep HoodaRegina CassandraSaiyami Kher,,"Mythri Movie Makers, People Media Factory","100,00,00,000","104,36,00,000","106,20,00,000",0.45,0.55,0.48,0.52,1000000000.0,1043600000.0,Flop
Kesari Chapter 2,2025,A P R,18,Karan Singh Tyagi,Akshay KumarR. MadhavanAnanya Panday,,"Dharma Productions, Cape Of Good Films, Leo Media Collective","150,00,00,000","110,76,00,000",1450100000,0.32,0.68,0.78,0.22,1500000000.0,1107600000.0,Flop
Ground Zero,2025,A P R,25,Tejas Prabha Vijay Deoskar,Emraan HashmiSai TamhankarZoya HussainMukesh TiwariLalit Prabhakar,,"Excel Entertainment, Dreamzkrraft Entertainment, Talisman Films","50,00,00,000","9,16,00,000","9,25,00,000",0.54,0.46,0.68,0.32,500000000.0,91600000.0,Flop
Phule,2025,A P R,25,Anant Mahadevan,Pratik GandhiPatralekha,,"Zee Studios, Dancing Shiva Films, Kingsmen Productions","30,00,00,000","6,04,00,000","6,21,00,000",0.6,0.4,0.76,0.24,300000000.0,60400000.0,Flop
Oye Bhootni Ke,2025,A P R,25,Ajay Kailash Yadav,Mahaakshay ChakrabortyNikita SharmaDiana KhanAshoka ThackurChahat Mughal,,"Sahatyam Films, Vision Motion Films","3,50,00,000",900000,900000,0.71,0.29,0.0,1.0,35000000.0,900000.0,Disaster
Raid 2,2025,M A Y,1,Raj Kumar Gupta,Ajay DevgnRiteish DeshmukhVaani Kapoor,,"T-Series Films, Panorama Studios","1,20,00,00,000","2,14,55,00,000","2,43,06,00,000",0.49,0.51,0.68,0.32,1200000000.0,2145500000.0,Hit
The Bhootnii,2025,M A Y,1,Sidhaant Sachdev,Sanjay DuttMouni RoySunny SinghPalak TiwariBeyounickAasif Khan,,"Soham Rockstar Entertainment, Three Dimension Motion Pictures","30,00,00,000","14,77,00,000","15,12,00,000",0.26,0.74,0.4,0.6,300000000.0,147700000.0,Flop
The Networker,2025,M A Y,9,Vikas Kumar Vishwakarma,Vikram KochharDurgesh KumarIshtiyak KhanRishabh PathakBrijendra KalaVindhya TiwariNikhat Khan,,"Gutargoo Entertainment, Navritu Films",,"14,00,000","14,00,000",0.77,0.23,0.0,1.0,0.0,1400000.0,
Romeo S3,2025,M A Y,16,Guddu Dhanoa,Thakur Anoop SinghPalak Tiwari,,"Pen Studios, Wild River Pictures","10,00,00,000","42,00,000","42,00,000",0.22,0.78,0.36,0.64,100000000.0,4200000.0,Disaster
Bhool Chuk Maaf,2025,M A Y,23,Karan Sharma,Rajkummar RaoWamiqa Gabbi,,"Amazon MGM Studios, Maddock Films","50,00,00,000","78,95,00,000","88,89,00,000",0.53,0.47,0.56,0.44,500000000.0,789500000.0,Hit
Kapkapiii,2025,M A Y,23,Sangeeth Sivan,Tusshar KapoorShreyas TalpadeJay ThakkarSiddhi Idnani,,"Zee Studios, Bravo Entertainment","25,00,00,000","1,48,00,000","1,65,00,000",0.26,0.74,0.37,0.63,250000000.0,14800000.0,Disaster
Pune Highway,2025,M A Y,23,Rahul da CunhaBugs Bhargava Krishna,Jim SarbhAmit SadhManjari FadnisKetaki Narayan,,"Drop D Films, Ten Years Younger Productions",,"25,00,000","25,00,000",0.44,0.56,0.42,0.58,0.0,2500000.0,
Kesari Veer,2025,M A Y,23,Prince Dhiman,Suniel ShettyVivek OberoiSooraj PancholiAkansha Sharma,,Chauhan Studios,"60,00,00,000","1,98,00,000","1,98,00,000",0.55,0.45,0.41,0.59,600000000.0,19800000.0,Disaster
Housefull 5,2025,J U N,6,Tarun Mansukhani,Akshay KumarRiteish DeshmukhSanjay DuttAbhishek BachchanNana PatekarFardeen KhanDino MoreaChunky PandeyJackie ShroffNikitin DheerShreyas TalpadeRanjeetJohnny LeverJacqueline FernandezNargis FakhriSonam BajwaChitrangda SinghSoundarya Sharma,,Nadiadwala Grandson Entertainment,"2,25,00,00,000","2,18,00,00,000","2,75,00,00,000",0.52,0.48,0.28,0.72,2250000000.0,2180000000.0,Flop
Sitaare Zameen Par,2025,J U N,20,R. S. Prasanna,Aamir KhanGenelia Deshmukh,,Aamir Khan Productions,"90,00,00,000","1,91,21,00,000","2,66,49,00,000",0.59,0.41,0.74,0.26,900000000.0,1912100000.0,Superhit / Blockbuster
Maa,2025,J U N,27,Vishal Furia,KajolRonit RoyIndraneil SenguptaKherin Sharma,,"Jio Studios, Devgn Films, Panorama Studios","65,00,00,000","28,47,00,000","32,13,00,000",0.44,0.56,0.46,0.54,650000000.0,284700000.0,Flop
Well Done C.A Sahab!,2025,J U N,27,Sarvesh Kumar Singh,Gopal DattGaurav PaswalaJyoti KapoorSayandeep SenguptaNishma SoniArchan TrivediMakrand ShuklaSamar JajoriyaSam JajoriyaRama Krishna Dixit,,Figures and Frames,,"50,00,000","50,00,000",0.43,0.57,0.7,0.3,0.0,5000000.0,
Metro... In Dino,2025,J U L,4,Anurag Basu,Aditya Roy KapurSara Ali KhanAnupam KherNeena GuptaPankaj TripathiKonkona Sen SharmaAli FazalFatima Sana Shaikh,,"T-Series Films, Anurag Basu Productions","50,00,00,000","55,70,00,000","65,08,00,000",0.49,0.51,0.62,0.38,500000000.0,557000000.0,Flop
Maalik,2025,J U L,11,Pulkit,Rajkummar RaoManushi ChhillarProsenjit Chatterjee,,"Tips Industries, Northern Lights Films","54,00,00,000","28,65,00,000","28,65,00,000",0.27,0.73,0.41,0.59,540000000.0,286500000.0,Flop
Aankhon Ki Gustaakhiyan,2025,J U L,11,Santosh Singh,Vikrant MasseyShanaya Kapoor,,"Zee Studios, Mini Films","20,00,00,000","1,92,00,000","2,35,00,000",0.49,0.51,0.42,0.58,200000000.0,19200000.0,Disaster
Saiyaara,2025,J U L,18,Mohit Suri,Ahaan PandayAneet Padda,,Yash Raj Films,"50,00,00,000","4,09,18,00,000","5,79,23,00,000",0.42,0.58,0.71,0.29,500000000.0,4091800000.0,Superhit / Blockbuster
Tanvi the Great,2025,J U L,18,Anupam Kher,Anupam KherShubhangi DuttIain GlenBoman IraniJackie ShroffArvind SwamiPallavi JoshiKaran TackerNassar,,"Excel Entertainment, NFDC, Anupam Kher Studio","50,00,00,000","2,60,00,000","2,60,00,000",0.46,0.54,0.74,0.26,500000000.0,26000000.0,Disaster
Sant Tukaram,2025,J U L,18,Aditya Om,Subodh BhaveSheena ChohanSanjay MishraArun Govil,,Curzon Films,,"25,00,000","25,00,000",0.64,0.36,0.71,0.29,0.0,2500000.0,
Mahavatar Narsimha,2025,J U L,25,Ashwin Kumar,Animated characters,,"Hombale Films, Kleem Productions","25,00,00,000","2,95,00,00,000","3,20,79,00,000",0.5,0.5,0.89,0.11,250000000.0,2950000000.0,Superhit / Blockbuster
So Long Valley,2025,J U L,25,Man Singh,Tridha ChoudhuryAkanksha PuriVikram KochharAlisha ParveenPankaj Choudhary,,Sourya Studios,,"7,00,000","7,00,000",0.44,0.56,0.6,0.4,0.0,700000.0,
Dhadak 2,2025,A U G,1,Shazia Iqbal,Siddhant ChaturvediTriptii Dimri,,"Zee Studios, Dharma Productions, Cloud 9 Pictures","40,00,00,000","25,00,00,000","29,00,00,000",0.46,0.54,0.66,0.34,400000000.0,250000000.0,Flop
Son of Sardaar 2,2025,A U G,1,Vijay Kumar Arora,Ajay DevgnMrunal ThakurRavi Kishan,,"Jio Studios, Devgn Films, YRV Studios","1,30,00,00,000","51,48,00,000","65,38,00,000",0.6,0.4,0.34,0.66,1300000000.0,514800000.0,Flop
Andaaz 2,2025,A U G,8,Suneel Darshan,Aayush KumarAkaishaNatasha Fernandez,,Shree Krishna International,"30,00,00,000","1,06,00,000","1,12,00,000",0.37,0.63,0.23,0.77,300000000.0,10600000.0,Disaster
Udaipur Files,2025,A U G,8,Bharat Shrinat,Vijay RaazRajneesh DuggalPreeti JhangianiKanchi SinghKamlesh Sawant,,Jani Firefox Films,"3,00,00,000","2,34,00,000","3,66,00,000",0.41,0.59,0.56,0.44,30000000.0,23400000.0,Disaster
War 2,2025,A U G,14,Ayan Mukerji,Hrithik RoshanN. T. Rama Rao Jr.Kiara Advani,,Yash Raj Films,"400,00,00,000","220,39,00,000","303,22,00,000",0.53,0.47,0.51,0.49,4000000000.0,2203900000.0,Flop
Param Sundari,2025,A U G,29,Tushar Jalota,Sidharth MalhotraJanhvi Kapoor,,Maddock Films,"52,66,00,000","63,18,00,000","89,10,00,000",0.48,0.52,0.42,0.58,526600000.0,631800000.0,Average
Baaghi 4,2025,S E P,5,A. Harsha,Tiger ShroffSanjay DuttSonam BajwaHarnaaz Sandhu,,Nadiadwala Grandson Entertainment,"80,00,00,000","78,85,00,000","92,63,00,000",0.62,0.38,0.38,0.62,800000000.0,788500000.0,Flop
The Bengal Files,2025,S E P,5,Vivek Agnihotri,Mithun ChakrabortyAnupam KherPuneet IssarGovind NamdevBabbu MaanPallavi JoshiPalomi Ghosh,,"Abhishek Agarwal Arts, I Am Buddha","35,00,00,000","17,19,00,000","17,19,00,000",0.42,0.58,0.82,0.18,350000000.0,171900000.0,Flop
Heer Express,2025,S E P,12,Umesh Shukla,Divita JunejaAshutosh RanaSanjay MishraGulshan GroverPrit Kamani,,"Tulip Entertainment, Divisa Entertainment, Merry Go Round Studios","7,00,00,000","3,00,00,000","3,00,00,000",0.46,0.54,0.65,0.35,70000000.0,30000000.0,Flop
Love in Vietnam,2025,S E P,12,Rahat Shah Kazmi,Shantanu MaheshwariAvneet KaurKhả Ngân,,"Zee Studios, Blue Lotus Creatives, Innovations India, Rahat Kazmi Film Studios, Zebaish Entertainment, Tariq Khan Productions, Mango Tree Entertainment","25,00,00,000","30,00,000","30,00,000",0.51,0.49,0.68,0.32,250000000.0,3000000.0,Disaster
Jugnuma: The Fable,2025,S E P,12,Raam Reddy,Manoj BajpayeeDeepak DobriyalPriyanka BoseTillotama ShomeHiral SidhuAwan Pookot,,"Prspctvs Productions, Maxmedia, Flip Films, Sikhya Entertainment",,"50,00,000","60,00,000",0.45,0.55,0.796,0.204,0.0,5000000.0,
Jolly LLB 3,2025,S E P,19,Subhash Kapoor,Akshay KumarArshad WarsiHuma QureshiAmrita RaoSaurabh ShuklaGajraj Rao,,"Star Studio18, Kangra Talkies","80,00,00,000","138,25,00,000","169,85,00,000",0.5126,0.487,0.725,0.275,800000000.0,1382500000.0,Hit
Nishaanchi,2025,S E P,19,Anurag Kashyap,Aaishvary ThackerayVedika PintoMonika PanwarMohammed Zeeshan Ayyub,,"Amazon MGM Studios, JAR Pictures, Flip Films","25,00,00,000","1,35,00,000","1,35,00,000",0.524,0.476,0.68,0.32,250000000.0,13500000.0,Disaster
Ajey: The Untold Story of a Yogi,2025,S E P,19,Ravindra Gautam,Anant JoshiParesh RawalDinesh Lal Yadav,,Samrat Cinematics,"15,00,00,000","2,70,00,000","2,70,00,000",0.4892,0.511,0.66,0.34,150000000.0,27000000.0,Disaster
Homebound,2025,S E P,26,Neeraj Ghaywan,Ishaan KhatterVishal JethwaJanhvi Kapoor,,Dharma Productions,--,"2,23,00,000","2,23,00,000",0.79,0.21,0.89,0.11,0.0,22300000.0,
Tu Meri Poori Kahani,2025,S E P,26,Suhrita Das,Arhaan PateelShammi DuhanHirranya Ojha,,Indira Entertainment,,2700000,2700000,0.5328,0.467,0.71,0.29,0.0,2700000.0,
Sunny Sanskari Ki Tulsi Kumari,2025,O C T,2,Shashank Khaitan,Varun DhawanJanhvi KapoorSanya MalhotraRohit Saraf,,"Dharma Productions, Mentor Disciple Entertainment","80,00,00,000","70,85,00,000","93,50,00,000",0.34,0.66,0.44,0.56,800000000.0,708500000.0,Flop
Lord Curzon Ki Haveli,2025,O C T,10,Anshuman Jha,Arjun MathurRasika DuggalTanmay DhananiaZoha Rahman,,"Golden Ratio Films, First Ray Films, Jetty Productions",,,,0.5139,0.486,0.68,0.32,0.0,0.0,
Controll,2025,O C T,10,Safdar Abbas,Thakur Anoop SinghRohit RoyPriya Anand,,"Pen Studios, Yashi Studios",,,,0.5361,0.464,0.0,1.0,0.0,0.0,
Thamma,2025,O C T,21,Aditya Sarpotdar,Ayushmann KhurranaRashmika MandannaNawazuddin SiddiquiParesh Rawal,,Maddock Films,"125,00,00,000","150,00,00,000","173,00,00,000",0.68,0.32,0.64,0.36,1250000000.0,1500000000.0,Average
Ek Deewane Ki Deewaniyat,2025,O C T,21,Milap Zaveri,Harshvardhan RaneSonam Bajwa,,"Desi Movies Factory, Play DMF","25,00,00,000","84,00,00,000","94,00,00,000",0.7,0.3,0.47,0.53,250000000.0,840000000.0,Superhit / Blockbuster
